run,full_face,eyes,nose,mouth
10,20.890629035065793,18.683380592786083,24.460241999689647,23.36459485920235
