{
  "full_face": 20.890629035065793,
  "eyes": 18.683380592786083,
  "nose": 24.46024199968965,
  "mouth": 23.36459485920235
}