run,dist_raw,dist_equalized,dist_feature
10,3696.414794921875,5298.12841796875,0.0
