run,dist_raw,dist_equalized,dist_feature
2,3696.414794921875,5298.12841796875,0.0
