{
  "pair": [
    "Daniel_Ramos",
    "Joseph_Andrew_Ong"
  ],
  "mean_raw": 3696.414794921875,
  "mean_equalized": 5298.12841796875,
  "mean_feature": 0.0
}