run,None,Eyes Blocked,Nose Blocked,Mouth Blocked
1,5267.503583292579,4859.441840376313,5049.088630634242,5115.570153951558
