{
  "None": 5267.503583292579,
  "Eyes Blocked": 4859.441840376313,
  "Nose Blocked": 5049.088630634242,
  "Mouth Blocked": 5115.570153951558
}