modification,level,person,file,no_face,cv_correct,dl_correct,escalated,gate_reason,lbph_distance,lbph_margin
clean,,Aaron_Peirsol,Aaron_Peirsol_0003.jpg,False,False,True,,,81.7386776598623,0.02207707754552319
clean,,Aaron_Sorkin,Aaron_Sorkin_0002.jpg,False,False,True,,,81.85779408586271,0.005308156419591025
clean,,Abdel_Nasser_Assidi,Abdel_Nasser_Assidi_0002.jpg,False,False,True,,,91.24762638015329,0.0016391849632154546
clean,,Abdoulaye_Wade,Abdoulaye_Wade_0001.jpg,False,False,True,,,95.583779554747,0.0038284535253326367
clean,,Abdullah,Abdullah_0003.jpg,False,False,True,,,87.87729869790208,0.009100076593900401
clean,,Abdullah_Gul,Abdullah_Gul_0009.jpg,False,False,True,,,86.48861422575968,0.007962163478309827
clean,,Abdullah_al-Attiyah,Abdullah_al-Attiyah_0002.jpg,False,False,True,,,80.46041897706175,0.02351928845299125
clean,,Abdullatif_Sener,Abdullatif_Sener_0002.jpg,False,False,True,,,82.51973773040892,0.02295208651428533
clean,,Abel_Pacheco,Abel_Pacheco_0002.jpg,False,False,True,,,82.92062731735533,0.06493837415446785
clean,,Abid_Hamid_Mahmud_Al-Tikriti,Abid_Hamid_Mahmud_Al-Tikriti_0003.jpg,False,False,True,,,84.70902900484863,0.021559255438853345
clean,,Adam_Sandler,Adam_Sandler_0003.jpg,False,False,True,,,91.89714967298323,0.002085303319608679
clean,,Adam_Scott,Adam_Scott_0002.jpg,False,False,False,,,87.0139341706005,0.00606815248497816
clean,,Adel_Al-Jubeir,Adel_Al-Jubeir_0003.jpg,False,False,True,,,70.17153611566152,0.10275214122679383
clean,,Adolfo_Aguilar_Zinser,Adolfo_Aguilar_Zinser_0003.jpg,False,False,True,,,87.23651589566293,0.0012564211516583345
clean,,Adolfo_Rodriguez_Saa,Adolfo_Rodriguez_Saa_0001.jpg,False,False,True,,,87.51254140380453,0.0006978616259108485
clean,,Adrian_McPherson,Adrian_McPherson_0001.jpg,False,False,True,,,86.51252051043059,0.004253456403816067
clean,,Adrian_Nastase,Adrian_Nastase_0002.jpg,False,False,True,,,84.28703918705723,0.01008721782873571
clean,,Adrien_Brody,Adrien_Brody_0009.jpg,False,False,True,,,97.9464384742706,0.015027029567057364
clean,,Ahmad_Masood,Ahmad_Masood_0001.jpg,False,False,True,,,83.56896696390919,0.003138132956577075
clean,,Ahmed_Chalabi,Ahmed_Chalabi_0002.jpg,False,False,True,,,74.49456635392468,0.008260459051853422
clean,,Ahmet_Necdet_Sezer,Ahmet_Necdet_Sezer_0002.jpg,False,False,True,,,86.57575670018798,0.002517676895242559
clean,,Ai_Sugiyama,Ai_Sugiyama_0005.jpg,False,False,True,,,81.66371839603062,0.01929233143361488
clean,,Aicha_El_Ouafi,Aicha_El_Ouafi_0002.jpg,False,False,True,,,87.56497341503066,0.022430753349264285
clean,,Aitor_Gonzalez,Aitor_Gonzalez_0001.jpg,False,False,True,,,94.92104922025936,0.0068992950988397
clean,,Akbar_Hashemi_Rafsanjani,Akbar_Hashemi_Rafsanjani_0001.jpg,False,False,True,,,91.49529107398959,0.005989327823148671
clean,,Akhmed_Zakayev,Akhmed_Zakayev_0002.jpg,False,False,True,,,84.38523109140962,0.02953672837102847
brightness_p25,25,Aaron_Peirsol,Aaron_Peirsol_0003.jpg,False,False,True,,,83.01540585169606,0.01451925138254814
brightness_p25,25,Aaron_Sorkin,Aaron_Sorkin_0002.jpg,False,False,True,,,81.73299785171719,0.005471123109073274
brightness_p25,25,Abdel_Nasser_Assidi,Abdel_Nasser_Assidi_0002.jpg,False,False,True,,,93.06847799600597,0.013042479978446996
brightness_p25,25,Abdoulaye_Wade,Abdoulaye_Wade_0001.jpg,False,False,True,,,101.80732199062287,0.025105927542153583
brightness_p25,25,Abdullah,Abdullah_0003.jpg,False,False,True,,,86.95328752108466,0.011605359144025931
brightness_p25,25,Abdullah_Gul,Abdullah_Gul_0009.jpg,False,False,True,,,86.2727339843604,0.01694005370725695
brightness_p25,25,Abdullah_al-Attiyah,Abdullah_al-Attiyah_0002.jpg,False,False,True,,,86.92939364302325,0.01837397962885595
brightness_p25,25,Abdullatif_Sener,Abdullatif_Sener_0002.jpg,False,False,True,,,84.20974754584861,0.016290894020217665
brightness_p25,25,Abel_Pacheco,Abel_Pacheco_0002.jpg,False,False,True,,,90.15193911667103,0.06853525655101844
brightness_p25,25,Abid_Hamid_Mahmud_Al-Tikriti,Abid_Hamid_Mahmud_Al-Tikriti_0003.jpg,False,False,True,,,86.3349306389959,0.0024617963962138404
brightness_p25,25,Adam_Sandler,Adam_Sandler_0003.jpg,False,False,True,,,99.96891877692084,0.00814994965599742
brightness_p25,25,Adam_Scott,Adam_Scott_0002.jpg,False,False,False,,,87.98428049249779,0.0018313854387960004
brightness_p25,25,Adel_Al-Jubeir,Adel_Al-Jubeir_0003.jpg,False,False,True,,,70.45866528354276,0.09442561625790973
brightness_p25,25,Adolfo_Aguilar_Zinser,Adolfo_Aguilar_Zinser_0003.jpg,False,False,True,,,86.802591412502,0.0024611547932991058
brightness_p25,25,Adolfo_Rodriguez_Saa,Adolfo_Rodriguez_Saa_0001.jpg,False,False,True,,,86.89864243002435,0.0009246116378351291
brightness_p25,25,Adrian_McPherson,Adrian_McPherson_0001.jpg,False,False,True,,,88.8767102932411,0.004820693450985437
brightness_p25,25,Adrian_Nastase,Adrian_Nastase_0002.jpg,False,False,True,,,85.58617107834047,0.011297101846872343
brightness_p25,25,Adrien_Brody,Adrien_Brody_0009.jpg,False,False,True,,,89.65313171547619,0.11693688352703298
brightness_p25,25,Ahmad_Masood,Ahmad_Masood_0001.jpg,False,False,True,,,88.9603067355468,0.01785591494554703
brightness_p25,25,Ahmed_Chalabi,Ahmed_Chalabi_0002.jpg,False,False,True,,,73.50475905445583,0.006299562476235887
brightness_p25,25,Ahmet_Necdet_Sezer,Ahmet_Necdet_Sezer_0002.jpg,False,False,True,,,88.53173185415154,0.0032010944231607606
brightness_p25,25,Ai_Sugiyama,Ai_Sugiyama_0005.jpg,False,False,True,,,82.46893699699508,0.014971624474265232
brightness_p25,25,Aicha_El_Ouafi,Aicha_El_Ouafi_0002.jpg,False,False,True,,,89.88974473023,0.009890609069481363
brightness_p25,25,Aitor_Gonzalez,Aitor_Gonzalez_0001.jpg,False,False,True,,,94.67237926636767,0.009136778367496294
brightness_p25,25,Akbar_Hashemi_Rafsanjani,Akbar_Hashemi_Rafsanjani_0001.jpg,False,False,True,,,101.76491077167375,0.002770757154132766
brightness_p25,25,Akhmed_Zakayev,Akhmed_Zakayev_0002.jpg,False,False,True,,,86.87243113458402,0.02561985655142436
brightness_p20,20,Aaron_Peirsol,Aaron_Peirsol_0003.jpg,False,False,True,,,83.7726907321063,0.0010620960275850289
brightness_p20,20,Aaron_Sorkin,Aaron_Sorkin_0002.jpg,False,False,True,,,81.91513035807631,0.008028901455375962
brightness_p20,20,Abdel_Nasser_Assidi,Abdel_Nasser_Assidi_0002.jpg,False,False,True,,,92.34950517768428,0.0021288454981119274
brightness_p20,20,Abdoulaye_Wade,Abdoulaye_Wade_0001.jpg,False,False,True,,,100.09048546803615,0.0036298371760800033
brightness_p20,20,Abdullah,Abdullah_0003.jpg,False,False,True,,,86.92525282231219,0.010812765489167283
brightness_p20,20,Abdullah_Gul,Abdullah_Gul_0009.jpg,False,False,True,,,85.7777506138734,0.0036433893501906277
brightness_p20,20,Abdullah_al-Attiyah,Abdullah_al-Attiyah_0002.jpg,False,False,True,,,87.15833690117331,0.01341270535111651
brightness_p20,20,Abdullatif_Sener,Abdullatif_Sener_0002.jpg,False,False,True,,,82.72234974427593,0.03614073652055972
brightness_p20,20,Abel_Pacheco,Abel_Pacheco_0002.jpg,False,False,True,,,86.7892762920497,0.06903499103547708
brightness_p20,20,Abid_Hamid_Mahmud_Al-Tikriti,Abid_Hamid_Mahmud_Al-Tikriti_0003.jpg,False,False,True,,,86.35567558464197,0.0010239997517181867
brightness_p20,20,Adam_Sandler,Adam_Sandler_0003.jpg,False,False,True,,,93.57725727194267,0.001384814158450698
brightness_p20,20,Adam_Scott,Adam_Scott_0002.jpg,False,False,False,,,85.36147757199582,0.02318425888959121
brightness_p20,20,Adel_Al-Jubeir,Adel_Al-Jubeir_0003.jpg,False,False,True,,,69.86963605015673,0.0948658057041234
brightness_p20,20,Adolfo_Aguilar_Zinser,Adolfo_Aguilar_Zinser_0003.jpg,False,False,True,,,86.812005758174,0.002380352273993421
brightness_p20,20,Adolfo_Rodriguez_Saa,Adolfo_Rodriguez_Saa_0001.jpg,False,False,True,,,87.26825475884432,0.00951936732177335
brightness_p20,20,Adrian_McPherson,Adrian_McPherson_0001.jpg,False,False,True,,,88.62231530590634,0.004063054355816195
brightness_p20,20,Adrian_Nastase,Adrian_Nastase_0002.jpg,False,False,True,,,85.45526712552481,0.01775815780241234
brightness_p20,20,Adrien_Brody,Adrien_Brody_0009.jpg,False,False,True,,,90.63595403337682,0.08506264873372527
brightness_p20,20,Ahmad_Masood,Ahmad_Masood_0001.jpg,False,False,True,,,88.0526335943721,0.0007642334584656367
brightness_p20,20,Ahmed_Chalabi,Ahmed_Chalabi_0002.jpg,False,False,True,,,74.04525574215282,0.010536015323316392
brightness_p20,20,Ahmet_Necdet_Sezer,Ahmet_Necdet_Sezer_0002.jpg,False,False,True,,,87.42576476628233,0.005513119918436786
brightness_p20,20,Ai_Sugiyama,Ai_Sugiyama_0005.jpg,False,False,True,,,80.64513416177408,0.0241568774438911
brightness_p20,20,Aicha_El_Ouafi,Aicha_El_Ouafi_0002.jpg,False,False,True,,,90.04373273272788,0.012385565552854756
brightness_p20,20,Aitor_Gonzalez,Aitor_Gonzalez_0001.jpg,False,False,True,,,94.4249483563046,0.0043332981117933005
brightness_p20,20,Akbar_Hashemi_Rafsanjani,Akbar_Hashemi_Rafsanjani_0001.jpg,False,False,True,,,101.4227263784428,0.0032348820032856206
brightness_p20,20,Akhmed_Zakayev,Akhmed_Zakayev_0002.jpg,False,False,True,,,86.12379169082459,0.019681892416878205
brightness_p10,10,Aaron_Peirsol,Aaron_Peirsol_0003.jpg,False,False,True,,,82.47334383134337,0.006934721491575848
brightness_p10,10,Aaron_Sorkin,Aaron_Sorkin_0002.jpg,False,False,True,,,82.55590957971485,0.004620082671903923
brightness_p10,10,Abdel_Nasser_Assidi,Abdel_Nasser_Assidi_0002.jpg,False,False,True,,,91.1904673343326,0.0016357448063876623
brightness_p10,10,Abdoulaye_Wade,Abdoulaye_Wade_0001.jpg,False,False,True,,,96.21794021001182,0.006649717630629679
brightness_p10,10,Abdullah,Abdullah_0003.jpg,False,False,True,,,87.28761680928157,0.0159103667557233
brightness_p10,10,Abdullah_Gul,Abdullah_Gul_0009.jpg,False,False,True,,,84.84008671168054,0.026106535298372376
brightness_p10,10,Abdullah_al-Attiyah,Abdullah_al-Attiyah_0002.jpg,False,False,True,,,80.12836631981111,0.027641284965519236
brightness_p10,10,Abdullatif_Sener,Abdullatif_Sener_0002.jpg,False,False,True,,,82.5078347159831,0.028713239965686397
brightness_p10,10,Abel_Pacheco,Abel_Pacheco_0002.jpg,False,False,True,,,83.84588937035099,0.059120220187368316
brightness_p10,10,Abid_Hamid_Mahmud_Al-Tikriti,Abid_Hamid_Mahmud_Al-Tikriti_0003.jpg,False,False,True,,,85.41374217707613,0.011777676744990397
brightness_p10,10,Adam_Sandler,Adam_Sandler_0003.jpg,False,False,True,,,91.35684240528099,0.0002355651097508543
brightness_p10,10,Adam_Scott,Adam_Scott_0002.jpg,False,False,False,,,86.97353825255044,0.011333627508583929
brightness_p10,10,Adel_Al-Jubeir,Adel_Al-Jubeir_0003.jpg,False,False,True,,,71.03636940787239,0.08880123290281079
brightness_p10,10,Adolfo_Aguilar_Zinser,Adolfo_Aguilar_Zinser_0003.jpg,False,False,True,,,86.71845223407942,0.007541590587246862
brightness_p10,10,Adolfo_Rodriguez_Saa,Adolfo_Rodriguez_Saa_0001.jpg,False,False,True,,,86.01437764031994,0.002266648329189381
brightness_p10,10,Adrian_McPherson,Adrian_McPherson_0001.jpg,False,False,True,,,86.90147440859222,0.003108800721016814
brightness_p10,10,Adrian_Nastase,Adrian_Nastase_0002.jpg,False,False,True,,,85.79847364572184,0.0070148931411506
brightness_p10,10,Adrien_Brody,Adrien_Brody_0009.jpg,False,False,True,,,98.74162231519338,0.07937614571334416
brightness_p10,10,Ahmad_Masood,Ahmad_Masood_0001.jpg,False,False,True,,,85.98496230931687,0.0011620934287235394
brightness_p10,10,Ahmed_Chalabi,Ahmed_Chalabi_0002.jpg,False,False,True,,,74.52648445958971,0.00935324834622871
brightness_p10,10,Ahmet_Necdet_Sezer,Ahmet_Necdet_Sezer_0002.jpg,False,False,True,,,87.08071081017297,0.0013333578090944035
brightness_p10,10,Ai_Sugiyama,Ai_Sugiyama_0005.jpg,False,False,True,,,81.34973842278661,0.014463139121792456
brightness_p10,10,Aicha_El_Ouafi,Aicha_El_Ouafi_0002.jpg,False,False,True,,,88.801270466414,0.015337336011286076
brightness_p10,10,Aitor_Gonzalez,Aitor_Gonzalez_0001.jpg,False,False,True,,,94.31263607357488,0.002122412098179863
brightness_p10,10,Akbar_Hashemi_Rafsanjani,Akbar_Hashemi_Rafsanjani_0001.jpg,False,False,True,,,95.71068604090243,0.0016760100366706714
brightness_p10,10,Akhmed_Zakayev,Akhmed_Zakayev_0002.jpg,False,False,True,,,85.4446899550124,0.024908949920131977
monochrome,,Aaron_Peirsol,Aaron_Peirsol_0003.jpg,False,False,True,,,81.7386776598623,0.02207707754552319
monochrome,,Aaron_Sorkin,Aaron_Sorkin_0002.jpg,False,False,True,,,81.85779408586271,0.005308156419591025
monochrome,,Abdel_Nasser_Assidi,Abdel_Nasser_Assidi_0002.jpg,False,False,True,,,91.24762638015329,0.0016391849632154546
monochrome,,Abdoulaye_Wade,Abdoulaye_Wade_0001.jpg,False,False,True,,,95.583779554747,0.0038284535253326367
monochrome,,Abdullah,Abdullah_0003.jpg,False,False,True,,,87.87729869790208,0.009100076593900401
monochrome,,Abdullah_Gul,Abdullah_Gul_0009.jpg,False,False,True,,,86.48861422575968,0.007962163478309827
monochrome,,Abdullah_al-Attiyah,Abdullah_al-Attiyah_0002.jpg,False,False,True,,,80.46041897706175,0.02351928845299125
monochrome,,Abdullatif_Sener,Abdullatif_Sener_0002.jpg,False,False,True,,,82.51973773040892,0.02295208651428533
monochrome,,Abel_Pacheco,Abel_Pacheco_0002.jpg,False,False,True,,,82.92062731735533,0.06493837415446785
monochrome,,Abid_Hamid_Mahmud_Al-Tikriti,Abid_Hamid_Mahmud_Al-Tikriti_0003.jpg,False,False,True,,,84.70902900484863,0.021559255438853345
monochrome,,Adam_Sandler,Adam_Sandler_0003.jpg,False,False,True,,,91.89714967298323,0.002085303319608679
monochrome,,Adam_Scott,Adam_Scott_0002.jpg,False,False,False,,,87.0139341706005,0.00606815248497816
monochrome,,Adel_Al-Jubeir,Adel_Al-Jubeir_0003.jpg,False,False,True,,,70.17153611566152,0.10275214122679383
monochrome,,Adolfo_Aguilar_Zinser,Adolfo_Aguilar_Zinser_0003.jpg,False,False,True,,,87.23651589566293,0.0012564211516583345
monochrome,,Adolfo_Rodriguez_Saa,Adolfo_Rodriguez_Saa_0001.jpg,False,False,True,,,87.51254140380453,0.0006978616259108485
monochrome,,Adrian_McPherson,Adrian_McPherson_0001.jpg,False,False,True,,,86.51252051043059,0.004253456403816067
monochrome,,Adrian_Nastase,Adrian_Nastase_0002.jpg,False,False,True,,,84.28703918705723,0.01008721782873571
monochrome,,Adrien_Brody,Adrien_Brody_0009.jpg,False,False,True,,,97.9464384742706,0.015027029567057364
monochrome,,Ahmad_Masood,Ahmad_Masood_0001.jpg,False,False,True,,,83.56896696390919,0.003138132956577075
monochrome,,Ahmed_Chalabi,Ahmed_Chalabi_0002.jpg,False,False,True,,,74.49456635392468,0.008260459051853422
monochrome,,Ahmet_Necdet_Sezer,Ahmet_Necdet_Sezer_0002.jpg,False,False,True,,,86.57575670018798,0.002517676895242559
monochrome,,Ai_Sugiyama,Ai_Sugiyama_0005.jpg,False,False,True,,,81.66371839603062,0.01929233143361488
monochrome,,Aicha_El_Ouafi,Aicha_El_Ouafi_0002.jpg,False,False,True,,,87.56497341503066,0.022430753349264285
monochrome,,Aitor_Gonzalez,Aitor_Gonzalez_0001.jpg,False,False,True,,,94.92104922025936,0.0068992950988397
monochrome,,Akbar_Hashemi_Rafsanjani,Akbar_Hashemi_Rafsanjani_0001.jpg,False,False,True,,,91.49529107398959,0.005989327823148671
monochrome,,Akhmed_Zakayev,Akhmed_Zakayev_0002.jpg,False,False,True,,,84.38523109140962,0.02953672837102847
jpeg_q30,30,Aaron_Peirsol,Aaron_Peirsol_0003.jpg,False,False,True,,,84.84731350074739,0.021531399161904653
jpeg_q30,30,Aaron_Sorkin,Aaron_Sorkin_0002.jpg,False,False,True,,,85.51040850225762,0.03124267663365378
jpeg_q30,30,Abdel_Nasser_Assidi,Abdel_Nasser_Assidi_0002.jpg,False,False,True,,,90.60012888545889,0.003481518221023332
jpeg_q30,30,Abdoulaye_Wade,Abdoulaye_Wade_0001.jpg,False,False,True,,,99.01917072325061,0.008049318734515249
jpeg_q30,30,Abdullah,Abdullah_0003.jpg,False,False,True,,,95.92539504711388,0.0016474190364269739
jpeg_q30,30,Abdullah_Gul,Abdullah_Gul_0009.jpg,False,False,True,,,85.98690979819484,0.034415625457601184
jpeg_q30,30,Abdullah_al-Attiyah,Abdullah_al-Attiyah_0002.jpg,False,False,True,,,80.54027551154056,0.01007854645939013
jpeg_q30,30,Abdullatif_Sener,Abdullatif_Sener_0002.jpg,False,False,True,,,83.62891563680057,0.04007715957804735
jpeg_q30,30,Abel_Pacheco,Abel_Pacheco_0002.jpg,False,False,True,,,85.18187560287424,0.025310715732209763
jpeg_q30,30,Abid_Hamid_Mahmud_Al-Tikriti,Abid_Hamid_Mahmud_Al-Tikriti_0003.jpg,False,False,True,,,94.44562955129325,0.006294376343430594
jpeg_q30,30,Adam_Sandler,Adam_Sandler_0003.jpg,False,False,True,,,91.07688693145602,0.004443569334759912
jpeg_q30,30,Adam_Scott,Adam_Scott_0002.jpg,False,False,False,,,99.58543374109485,0.0076801360986159615
jpeg_q30,30,Adel_Al-Jubeir,Adel_Al-Jubeir_0003.jpg,False,False,True,,,68.80756777301941,0.11490188476316633
jpeg_q30,30,Adolfo_Aguilar_Zinser,Adolfo_Aguilar_Zinser_0003.jpg,False,False,True,,,86.45097166980413,0.0006168797223517102
jpeg_q30,30,Adolfo_Rodriguez_Saa,Adolfo_Rodriguez_Saa_0001.jpg,False,False,True,,,92.82457994213544,0.01052791012252926
jpeg_q30,30,Adrian_McPherson,Adrian_McPherson_0001.jpg,False,False,True,,,85.23888052656834,0.0007110070634044446
jpeg_q30,30,Adrian_Nastase,Adrian_Nastase_0002.jpg,False,False,True,,,86.60851806272538,0.021176644850005498
jpeg_q30,30,Adrien_Brody,Adrien_Brody_0009.jpg,False,False,True,,,95.39550777578118,0.0797040117235145
jpeg_q30,30,Ahmad_Masood,Ahmad_Masood_0001.jpg,False,False,True,,,83.46737595797154,0.0006714540366096345
jpeg_q30,30,Ahmed_Chalabi,Ahmed_Chalabi_0002.jpg,False,False,True,,,82.52446016576178,0.007081770450574741
jpeg_q30,30,Ahmet_Necdet_Sezer,Ahmet_Necdet_Sezer_0002.jpg,False,False,True,,,86.12173845212939,0.018827483268296828
jpeg_q30,30,Ai_Sugiyama,Ai_Sugiyama_0005.jpg,False,False,True,,,89.07090638066165,0.003732167358312483
jpeg_q30,30,Aicha_El_Ouafi,Aicha_El_Ouafi_0002.jpg,False,False,True,,,97.52584765818355,0.0022305704880594035
jpeg_q30,30,Aitor_Gonzalez,Aitor_Gonzalez_0001.jpg,False,False,True,,,98.86848146888532,0.0002178646108194412
jpeg_q30,30,Akbar_Hashemi_Rafsanjani,Akbar_Hashemi_Rafsanjani_0001.jpg,False,False,True,,,92.23625327390481,0.003981372121390369
jpeg_q30,30,Akhmed_Zakayev,Akhmed_Zakayev_0002.jpg,False,False,True,,,87.95809015902411,0.004336472106893778
jpeg_q60,60,Aaron_Peirsol,Aaron_Peirsol_0003.jpg,False,False,True,,,82.25843610848523,0.01689535523653892
jpeg_q60,60,Aaron_Sorkin,Aaron_Sorkin_0002.jpg,False,False,True,,,82.66637300463202,0.0034082813643167235
jpeg_q60,60,Abdel_Nasser_Assidi,Abdel_Nasser_Assidi_0002.jpg,False,False,True,,,91.68722758409211,0.000990820413331539
jpeg_q60,60,Abdoulaye_Wade,Abdoulaye_Wade_0001.jpg,False,False,True,,,97.31659564801222,0.0028088839789032617
jpeg_q60,60,Abdullah,Abdullah_0003.jpg,False,False,True,,,89.60150723662522,0.004127254453868853
jpeg_q60,60,Abdullah_Gul,Abdullah_Gul_0009.jpg,False,False,True,,,88.09858878842945,0.009027173980943734
jpeg_q60,60,Abdullah_al-Attiyah,Abdullah_al-Attiyah_0002.jpg,False,False,True,,,82.32898910169294,0.005521626627331948
jpeg_q60,60,Abdullatif_Sener,Abdullatif_Sener_0002.jpg,False,False,True,,,81.76985783922682,0.025010742640846344
jpeg_q60,60,Abel_Pacheco,Abel_Pacheco_0002.jpg,False,False,True,,,82.02703483159614,0.0773346172414646
jpeg_q60,60,Abid_Hamid_Mahmud_Al-Tikriti,Abid_Hamid_Mahmud_Al-Tikriti_0003.jpg,False,False,True,,,86.47061639803798,0.0030115286742860674
jpeg_q60,60,Adam_Sandler,Adam_Sandler_0003.jpg,False,False,True,,,91.31559488085432,0.0021354535462095336
jpeg_q60,60,Adam_Scott,Adam_Scott_0002.jpg,False,False,False,,,88.49050567529767,0.0030443023031356785
jpeg_q60,60,Adel_Al-Jubeir,Adel_Al-Jubeir_0003.jpg,False,False,True,,,68.7461680467475,0.12833279044706056
jpeg_q60,60,Adolfo_Aguilar_Zinser,Adolfo_Aguilar_Zinser_0003.jpg,False,False,True,,,86.64831952759735,0.0023049387652584285
jpeg_q60,60,Adolfo_Rodriguez_Saa,Adolfo_Rodriguez_Saa_0001.jpg,False,False,True,,,87.51596220241021,0.0035605453265758376
jpeg_q60,60,Adrian_McPherson,Adrian_McPherson_0001.jpg,False,False,True,,,86.0176870933984,0.0021824522388580363
jpeg_q60,60,Adrian_Nastase,Adrian_Nastase_0002.jpg,False,False,True,,,83.65676651144219,0.01772875962903842
jpeg_q60,60,Adrien_Brody,Adrien_Brody_0009.jpg,False,False,True,,,96.36232875992253,0.025554799211275216
jpeg_q60,60,Ahmad_Masood,Ahmad_Masood_0001.jpg,False,False,True,,,82.93750323502078,0.015078084442020476
jpeg_q60,60,Ahmed_Chalabi,Ahmed_Chalabi_0002.jpg,False,False,True,,,78.48529371564305,0.003278539430208344
jpeg_q60,60,Ahmet_Necdet_Sezer,Ahmet_Necdet_Sezer_0002.jpg,False,False,True,,,86.3030891200997,0.012012250018022174
jpeg_q60,60,Ai_Sugiyama,Ai_Sugiyama_0005.jpg,False,False,True,,,84.16321096535071,0.01329099904859171
jpeg_q60,60,Aicha_El_Ouafi,Aicha_El_Ouafi_0002.jpg,False,False,True,,,90.19270072184989,0.007963585322916354
jpeg_q60,60,Aitor_Gonzalez,Aitor_Gonzalez_0001.jpg,False,False,True,,,94.5355604437666,0.007790587751096833
jpeg_q60,60,Akbar_Hashemi_Rafsanjani,Akbar_Hashemi_Rafsanjani_0001.jpg,False,False,True,,,92.2770726836232,0.00026742683474064864
jpeg_q60,60,Akhmed_Zakayev,Akhmed_Zakayev_0002.jpg,False,False,True,,,85.15947055974225,0.012868339340477148
jpeg_q80,80,Aaron_Peirsol,Aaron_Peirsol_0003.jpg,False,False,True,,,82.90186543436582,0.005945719482271196
jpeg_q80,80,Aaron_Sorkin,Aaron_Sorkin_0002.jpg,False,False,True,,,83.28943779594759,0.00964559528431841
jpeg_q80,80,Abdel_Nasser_Assidi,Abdel_Nasser_Assidi_0002.jpg,False,False,True,,,90.69074443018819,0.0032137129865260805
jpeg_q80,80,Abdoulaye_Wade,Abdoulaye_Wade_0001.jpg,False,False,True,,,94.79007813413162,0.003960699272934194
jpeg_q80,80,Abdullah,Abdullah_0003.jpg,False,False,True,,,87.47901979293044,0.0009226105504861197
jpeg_q80,80,Abdullah_Gul,Abdullah_Gul_0009.jpg,False,False,True,,,85.58373481301436,0.008802560806616667
jpeg_q80,80,Abdullah_al-Attiyah,Abdullah_al-Attiyah_0002.jpg,False,False,True,,,81.39058070408493,0.020109592971608005
jpeg_q80,80,Abdullatif_Sener,Abdullatif_Sener_0002.jpg,False,False,True,,,82.45924325378778,0.03734928002538648
jpeg_q80,80,Abel_Pacheco,Abel_Pacheco_0002.jpg,False,False,True,,,82.71011377111665,0.058035245539552915
jpeg_q80,80,Abid_Hamid_Mahmud_Al-Tikriti,Abid_Hamid_Mahmud_Al-Tikriti_0003.jpg,False,False,True,,,87.0417561578158,0.0014880402592660218
jpeg_q80,80,Adam_Sandler,Adam_Sandler_0003.jpg,False,False,True,,,90.26471708414152,0.0017579521912883251
jpeg_q80,80,Adam_Scott,Adam_Scott_0002.jpg,False,False,False,,,87.30690651933872,0.00011903299798106105
jpeg_q80,80,Adel_Al-Jubeir,Adel_Al-Jubeir_0003.jpg,False,False,True,,,69.27240223515103,0.10248486332838223
jpeg_q80,80,Adolfo_Aguilar_Zinser,Adolfo_Aguilar_Zinser_0003.jpg,False,False,True,,,86.74543666956198,0.015933187501500124
jpeg_q80,80,Adolfo_Rodriguez_Saa,Adolfo_Rodriguez_Saa_0001.jpg,False,False,True,,,86.61654458974874,0.016818679826599032
jpeg_q80,80,Adrian_McPherson,Adrian_McPherson_0001.jpg,False,False,True,,,85.57383601064785,0.018350369058336615
jpeg_q80,80,Adrian_Nastase,Adrian_Nastase_0002.jpg,False,False,True,,,85.20916233726865,0.0038819630315943565
jpeg_q80,80,Adrien_Brody,Adrien_Brody_0009.jpg,False,False,True,,,97.23029835718123,0.012500321163727074
jpeg_q80,80,Ahmad_Masood,Ahmad_Masood_0001.jpg,False,False,True,,,84.630128069666,0.0014650639949792526
jpeg_q80,80,Ahmed_Chalabi,Ahmed_Chalabi_0002.jpg,False,False,True,,,75.10243282391534,0.027643722540627993
jpeg_q80,80,Ahmet_Necdet_Sezer,Ahmet_Necdet_Sezer_0002.jpg,False,False,True,,,86.2721524632781,0.0013073741218188313
jpeg_q80,80,Ai_Sugiyama,Ai_Sugiyama_0005.jpg,False,False,True,,,83.68126396787684,0.0020301829311730997
jpeg_q80,80,Aicha_El_Ouafi,Aicha_El_Ouafi_0002.jpg,False,False,True,,,88.96747837601617,0.005000407935226747
jpeg_q80,80,Aitor_Gonzalez,Aitor_Gonzalez_0001.jpg,False,False,True,,,92.64102236051752,0.002010894154768121
jpeg_q80,80,Akbar_Hashemi_Rafsanjani,Akbar_Hashemi_Rafsanjani_0001.jpg,False,False,True,,,91.20157597189248,0.007507997609325927
jpeg_q80,80,Akhmed_Zakayev,Akhmed_Zakayev_0002.jpg,False,False,True,,,85.01842554577024,0.017425993145179758
color_8bit,"(3, 3, 2)",Aaron_Peirsol,Aaron_Peirsol_0003.jpg,False,False,True,,,92.83793485916408,0.0382472240605101
color_8bit,"(3, 3, 2)",Aaron_Sorkin,Aaron_Sorkin_0002.jpg,False,False,True,,,96.4052410337811,0.024316003274258237
color_8bit,"(3, 3, 2)",Abdel_Nasser_Assidi,Abdel_Nasser_Assidi_0002.jpg,False,False,True,,,96.1011711047815,0.00340644925516948
color_8bit,"(3, 3, 2)",Abdoulaye_Wade,Abdoulaye_Wade_0001.jpg,False,False,True,,,106.09037788414037,0.012737726507873392
color_8bit,"(3, 3, 2)",Abdullah,Abdullah_0003.jpg,False,False,False,,,99.8649637991871,0.06221038663186042
color_8bit,"(3, 3, 2)",Abdullah_Gul,Abdullah_Gul_0009.jpg,False,False,True,,,89.57498713855298,0.014657102479343834
color_8bit,"(3, 3, 2)",Abdullah_al-Attiyah,Abdullah_al-Attiyah_0002.jpg,False,False,False,,,85.76866967828026,0.007859642401705693
color_8bit,"(3, 3, 2)",Abdullatif_Sener,Abdullatif_Sener_0002.jpg,False,False,True,,,96.84883995682654,0.023827464004631947
color_8bit,"(3, 3, 2)",Abel_Pacheco,Abel_Pacheco_0002.jpg,False,False,False,,,101.15233144756235,0.01584408620356642
color_8bit,"(3, 3, 2)",Abid_Hamid_Mahmud_Al-Tikriti,Abid_Hamid_Mahmud_Al-Tikriti_0003.jpg,False,False,False,,,99.34140824573463,0.0013824808466911228
color_8bit,"(3, 3, 2)",Adam_Sandler,Adam_Sandler_0003.jpg,False,False,True,,,97.171698659126,0.004579677652613635
color_8bit,"(3, 3, 2)",Adam_Scott,Adam_Scott_0002.jpg,False,False,False,,,103.60986683903431,0.0013253067133784744
color_8bit,"(3, 3, 2)",Adel_Al-Jubeir,Adel_Al-Jubeir_0003.jpg,False,False,True,,,68.27194450822265,0.013268169696037375
color_8bit,"(3, 3, 2)",Adolfo_Aguilar_Zinser,Adolfo_Aguilar_Zinser_0003.jpg,False,False,True,,,89.64241238169649,0.006202509060118737
color_8bit,"(3, 3, 2)",Adolfo_Rodriguez_Saa,Adolfo_Rodriguez_Saa_0001.jpg,False,False,False,,,94.14728185980903,0.005354843193438591
color_8bit,"(3, 3, 2)",Adrian_McPherson,Adrian_McPherson_0001.jpg,False,False,False,,,86.98445224745979,0.013844506024560936
color_8bit,"(3, 3, 2)",Adrian_Nastase,Adrian_Nastase_0002.jpg,False,False,False,,,103.24335978024317,0.01865749782961181
color_8bit,"(3, 3, 2)",Adrien_Brody,Adrien_Brody_0009.jpg,False,False,False,,,90.54207053684453,0.0859918517357952
color_8bit,"(3, 3, 2)",Ahmad_Masood,Ahmad_Masood_0001.jpg,False,False,True,,,86.21936573465906,0.002435890498456732
color_8bit,"(3, 3, 2)",Ahmed_Chalabi,Ahmed_Chalabi_0002.jpg,False,False,True,,,86.47381881013742,0.023230371415193258
color_8bit,"(3, 3, 2)",Ahmet_Necdet_Sezer,Ahmet_Necdet_Sezer_0002.jpg,False,False,True,,,92.0439588682093,0.024968181969186196
color_8bit,"(3, 3, 2)",Ai_Sugiyama,Ai_Sugiyama_0005.jpg,False,False,True,,,88.98179876635282,0.023806666284431077
color_8bit,"(3, 3, 2)",Aicha_El_Ouafi,Aicha_El_Ouafi_0002.jpg,False,False,False,,,102.09162459332097,0.00026301493193896106
color_8bit,"(3, 3, 2)",Aitor_Gonzalez,Aitor_Gonzalez_0001.jpg,False,False,False,,,98.78825281909445,0.00663316797301024
color_8bit,"(3, 3, 2)",Akbar_Hashemi_Rafsanjani,Akbar_Hashemi_Rafsanjani_0001.jpg,False,False,True,,,94.10619053633107,0.00266134395644381
color_8bit,"(3, 3, 2)",Akhmed_Zakayev,Akhmed_Zakayev_0002.jpg,False,False,True,,,102.34921351582565,0.018693309347277184
rgb565,"(5, 6, 5)",Aaron_Peirsol,Aaron_Peirsol_0003.jpg,False,False,True,,,84.41366711863796,0.0009523412006594359
rgb565,"(5, 6, 5)",Aaron_Sorkin,Aaron_Sorkin_0002.jpg,False,False,True,,,79.43522667274439,0.03934999776404236
rgb565,"(5, 6, 5)",Abdel_Nasser_Assidi,Abdel_Nasser_Assidi_0002.jpg,False,False,True,,,90.94264336578519,0.003630759606971786
rgb565,"(5, 6, 5)",Abdoulaye_Wade,Abdoulaye_Wade_0001.jpg,False,False,True,,,94.04457770631296,0.014014610193578907
rgb565,"(5, 6, 5)",Abdullah,Abdullah_0003.jpg,False,False,True,,,91.14843135923402,0.00683366066801452
rgb565,"(5, 6, 5)",Abdullah_Gul,Abdullah_Gul_0009.jpg,False,False,True,,,87.41270263806271,0.014004039381798266
rgb565,"(5, 6, 5)",Abdullah_al-Attiyah,Abdullah_al-Attiyah_0002.jpg,False,False,True,,,79.96530676476027,0.005447123685283972
rgb565,"(5, 6, 5)",Abdullatif_Sener,Abdullatif_Sener_0002.jpg,False,False,True,,,83.69682439979948,0.018275335645971936
rgb565,"(5, 6, 5)",Abel_Pacheco,Abel_Pacheco_0002.jpg,False,False,True,,,84.23009901249904,0.0511721367491356
rgb565,"(5, 6, 5)",Abid_Hamid_Mahmud_Al-Tikriti,Abid_Hamid_Mahmud_Al-Tikriti_0003.jpg,False,False,True,,,86.34611717582098,0.01672183337143091
rgb565,"(5, 6, 5)",Adam_Sandler,Adam_Sandler_0003.jpg,False,False,True,,,90.26727718313691,0.010958962486607429
rgb565,"(5, 6, 5)",Adam_Scott,Adam_Scott_0002.jpg,False,False,False,,,92.22288373154007,0.003923566476093075
rgb565,"(5, 6, 5)",Adel_Al-Jubeir,Adel_Al-Jubeir_0003.jpg,False,False,True,,,72.25884953203382,0.004911752823126421
rgb565,"(5, 6, 5)",Adolfo_Aguilar_Zinser,Adolfo_Aguilar_Zinser_0003.jpg,False,False,True,,,86.53935952647247,0.015105760869842501
rgb565,"(5, 6, 5)",Adolfo_Rodriguez_Saa,Adolfo_Rodriguez_Saa_0001.jpg,False,False,True,,,87.35249522478014,0.00392422319252525
rgb565,"(5, 6, 5)",Adrian_McPherson,Adrian_McPherson_0001.jpg,False,False,True,,,83.28428080062261,0.028176070631642073
rgb565,"(5, 6, 5)",Adrian_Nastase,Adrian_Nastase_0002.jpg,False,False,True,,,86.45749797544016,0.0030240336320980867
rgb565,"(5, 6, 5)",Adrien_Brody,Adrien_Brody_0009.jpg,False,False,True,,,97.17840840337742,0.01727852877982221
rgb565,"(5, 6, 5)",Ahmad_Masood,Ahmad_Masood_0001.jpg,False,False,True,,,83.26538091117624,0.0019915939739083904
rgb565,"(5, 6, 5)",Ahmed_Chalabi,Ahmed_Chalabi_0002.jpg,False,False,True,,,73.94390275984247,0.023656125145079122
rgb565,"(5, 6, 5)",Ahmet_Necdet_Sezer,Ahmet_Necdet_Sezer_0002.jpg,False,False,True,,,87.08795283685046,0.006163797165987775
rgb565,"(5, 6, 5)",Ai_Sugiyama,Ai_Sugiyama_0005.jpg,False,False,True,,,80.805026525167,0.039475903587475915
rgb565,"(5, 6, 5)",Aicha_El_Ouafi,Aicha_El_Ouafi_0002.jpg,False,False,True,,,90.84606824601923,0.0030085248325804116
rgb565,"(5, 6, 5)",Aitor_Gonzalez,Aitor_Gonzalez_0001.jpg,False,False,True,,,94.48585947930603,0.001087268811959856
rgb565,"(5, 6, 5)",Akbar_Hashemi_Rafsanjani,Akbar_Hashemi_Rafsanjani_0001.jpg,False,False,True,,,89.03575618457104,0.002037925912941683
rgb565,"(5, 6, 5)",Akhmed_Zakayev,Akhmed_Zakayev_0002.jpg,False,False,True,,,86.39514658606032,0.017188102386533316
gaussnoise_12,12,Aaron_Peirsol,Aaron_Peirsol_0003.jpg,False,False,True,,,90.61219584828672,0.0057201263178828805
gaussnoise_12,12,Aaron_Sorkin,Aaron_Sorkin_0002.jpg,False,False,True,,,88.2870541053496,0.01641011141844137
gaussnoise_12,12,Abdel_Nasser_Assidi,Abdel_Nasser_Assidi_0002.jpg,False,False,True,,,90.80037639002354,1.7931195232061686e-05
gaussnoise_12,12,Abdoulaye_Wade,Abdoulaye_Wade_0001.jpg,False,False,True,,,91.35396087957508,0.005554213757256701
gaussnoise_12,12,Abdullah,Abdullah_0003.jpg,False,False,True,,,89.40814236042146,0.0029165926169976816
gaussnoise_12,12,Abdullah_Gul,Abdullah_Gul_0009.jpg,False,False,True,,,86.87543197025204,0.01306317551078753
gaussnoise_12,12,Abdullah_al-Attiyah,Abdullah_al-Attiyah_0002.jpg,False,False,True,,,90.56265805107975,0.0005164666644859881
gaussnoise_12,12,Abdullatif_Sener,Abdullatif_Sener_0002.jpg,False,False,True,,,89.93554625027087,0.005655442727892582
gaussnoise_12,12,Abel_Pacheco,Abel_Pacheco_0002.jpg,False,False,True,,,88.76925707613132,0.020402747277851144
gaussnoise_12,12,Abid_Hamid_Mahmud_Al-Tikriti,Abid_Hamid_Mahmud_Al-Tikriti_0003.jpg,False,False,True,,,90.66513521951637,0.012828515453116385
gaussnoise_12,12,Adam_Sandler,Adam_Sandler_0003.jpg,False,False,True,,,92.55730306859152,0.008317131077722247
gaussnoise_12,12,Adam_Scott,Adam_Scott_0002.jpg,False,False,False,,,89.787814326469,0.02821486332075555
gaussnoise_12,12,Adel_Al-Jubeir,Adel_Al-Jubeir_0003.jpg,False,False,True,,,92.31360769143562,0.005691804094725595
gaussnoise_12,12,Adolfo_Aguilar_Zinser,Adolfo_Aguilar_Zinser_0003.jpg,False,False,True,,,89.83773098206271,0.008660914942301092
gaussnoise_12,12,Adolfo_Rodriguez_Saa,Adolfo_Rodriguez_Saa_0001.jpg,False,False,False,,,88.26996070302212,0.004928056736188199
gaussnoise_12,12,Adrian_McPherson,Adrian_McPherson_0001.jpg,False,False,False,,,91.70075969601294,0.005955662813151691
gaussnoise_12,12,Adrian_Nastase,Adrian_Nastase_0002.jpg,False,False,True,,,89.95437869475253,0.02636273857352256
gaussnoise_12,12,Adrien_Brody,Adrien_Brody_0009.jpg,False,False,True,,,90.8019821129173,0.0016361292182399054
gaussnoise_12,12,Ahmad_Masood,Ahmad_Masood_0001.jpg,False,False,True,,,89.80208415289988,0.0004804853495118801
gaussnoise_12,12,Ahmed_Chalabi,Ahmed_Chalabi_0002.jpg,False,False,True,,,90.88327482985117,0.013142539871019585
gaussnoise_12,12,Ahmet_Necdet_Sezer,Ahmet_Necdet_Sezer_0002.jpg,False,False,True,,,88.56215411512028,0.0024425235803166405
gaussnoise_12,12,Ai_Sugiyama,Ai_Sugiyama_0005.jpg,False,False,True,,,88.21453117386538,0.0009174085444932215
gaussnoise_12,12,Aicha_El_Ouafi,Aicha_El_Ouafi_0002.jpg,False,False,True,,,91.35647099542086,0.014633228551865407
gaussnoise_12,12,Aitor_Gonzalez,Aitor_Gonzalez_0001.jpg,False,False,True,,,89.42193493608399,0.00534404357597147
gaussnoise_12,12,Akbar_Hashemi_Rafsanjani,Akbar_Hashemi_Rafsanjani_0001.jpg,False,False,True,,,89.6466615198919,0.005594579633378483
gaussnoise_12,12,Akhmed_Zakayev,Akhmed_Zakayev_0002.jpg,False,False,True,,,89.92500323313847,0.004119821465597066
gaussnoise_8,8,Aaron_Peirsol,Aaron_Peirsol_0003.jpg,False,False,True,,,90.190189794477,0.009059954874181982
gaussnoise_8,8,Aaron_Sorkin,Aaron_Sorkin_0002.jpg,False,False,True,,,88.66354283440754,0.01302168322217374
gaussnoise_8,8,Abdel_Nasser_Assidi,Abdel_Nasser_Assidi_0002.jpg,False,False,True,,,90.97943597626303,0.005632647657733933
gaussnoise_8,8,Abdoulaye_Wade,Abdoulaye_Wade_0001.jpg,False,False,True,,,91.28272688280552,0.00895439124248108
gaussnoise_8,8,Abdullah,Abdullah_0003.jpg,False,False,True,,,87.68648675498456,0.029528343769240153
gaussnoise_8,8,Abdullah_Gul,Abdullah_Gul_0009.jpg,False,False,True,,,87.8942349623637,0.0011807216869685953
gaussnoise_8,8,Abdullah_al-Attiyah,Abdullah_al-Attiyah_0002.jpg,False,False,True,,,90.58736574762932,0.00487582360638146
gaussnoise_8,8,Abdullatif_Sener,Abdullatif_Sener_0002.jpg,False,False,True,,,88.35339897384355,0.012462808741218264
gaussnoise_8,8,Abel_Pacheco,Abel_Pacheco_0002.jpg,False,False,True,,,89.79899014762928,0.005824315254751421
gaussnoise_8,8,Abid_Hamid_Mahmud_Al-Tikriti,Abid_Hamid_Mahmud_Al-Tikriti_0003.jpg,False,False,True,,,89.89790257577673,0.0011824191277974869
gaussnoise_8,8,Adam_Sandler,Adam_Sandler_0003.jpg,False,False,True,,,90.99366488098676,0.00862382075241041
gaussnoise_8,8,Adam_Scott,Adam_Scott_0002.jpg,False,False,False,,,91.31413490217932,0.015097072986718151
gaussnoise_8,8,Adel_Al-Jubeir,Adel_Al-Jubeir_0003.jpg,False,False,True,,,92.32528881365027,0.008316241265420092
gaussnoise_8,8,Adolfo_Aguilar_Zinser,Adolfo_Aguilar_Zinser_0003.jpg,False,False,True,,,89.42247096928068,0.004420609188176002
gaussnoise_8,8,Adolfo_Rodriguez_Saa,Adolfo_Rodriguez_Saa_0001.jpg,False,False,True,,,86.45876815201197,0.016700369483540038
gaussnoise_8,8,Adrian_McPherson,Adrian_McPherson_0001.jpg,False,False,True,,,90.11141499111129,0.00011994611006154911
gaussnoise_8,8,Adrian_Nastase,Adrian_Nastase_0002.jpg,False,False,True,,,89.25281635008668,0.0019593425660508496
gaussnoise_8,8,Adrien_Brody,Adrien_Brody_0009.jpg,False,False,True,,,89.51177393681192,0.024585689486841825
gaussnoise_8,8,Ahmad_Masood,Ahmad_Masood_0001.jpg,False,False,True,,,88.14291799526185,0.009283717882548594
gaussnoise_8,8,Ahmed_Chalabi,Ahmed_Chalabi_0002.jpg,False,False,True,,,90.56921197023817,0.0074164288589321755
gaussnoise_8,8,Ahmet_Necdet_Sezer,Ahmet_Necdet_Sezer_0002.jpg,False,False,True,,,86.96286029433426,0.02265204878062741
gaussnoise_8,8,Ai_Sugiyama,Ai_Sugiyama_0005.jpg,False,False,True,,,87.67500345290122,0.006157067279391657
gaussnoise_8,8,Aicha_El_Ouafi,Aicha_El_Ouafi_0002.jpg,False,False,True,,,92.31150307731897,0.004578154134057008
gaussnoise_8,8,Aitor_Gonzalez,Aitor_Gonzalez_0001.jpg,False,False,True,,,89.24687211274937,0.004995869663617242
gaussnoise_8,8,Akbar_Hashemi_Rafsanjani,Akbar_Hashemi_Rafsanjani_0001.jpg,False,False,True,,,89.44960681670229,0.0022246934572189023
gaussnoise_8,8,Akhmed_Zakayev,Akhmed_Zakayev_0002.jpg,False,False,True,,,89.784669125086,0.005404362652488209
gaussnoise_4,4,Aaron_Peirsol,Aaron_Peirsol_0003.jpg,False,False,True,,,90.27193110728953,0.00813686338122934
gaussnoise_4,4,Aaron_Sorkin,Aaron_Sorkin_0002.jpg,False,False,True,,,85.65293418768486,0.01543117128627655
gaussnoise_4,4,Abdel_Nasser_Assidi,Abdel_Nasser_Assidi_0002.jpg,False,False,True,,,91.85515380594327,0.0002423684765275613
gaussnoise_4,4,Abdoulaye_Wade,Abdoulaye_Wade_0001.jpg,False,False,True,,,91.0514915780903,0.003924076860095268
gaussnoise_4,4,Abdullah,Abdullah_0003.jpg,False,False,True,,,86.71850026650036,0.0024794853202610664
gaussnoise_4,4,Abdullah_Gul,Abdullah_Gul_0009.jpg,False,False,True,,,87.8747192210958,0.004407167085912287
gaussnoise_4,4,Abdullah_al-Attiyah,Abdullah_al-Attiyah_0002.jpg,False,False,True,,,90.72237552351797,0.0029377220004107494
gaussnoise_4,4,Abdullatif_Sener,Abdullatif_Sener_0002.jpg,False,False,True,,,88.0766578622839,0.011079719188344345
gaussnoise_4,4,Abel_Pacheco,Abel_Pacheco_0002.jpg,False,False,True,,,85.36319452894396,0.025002420900019896
gaussnoise_4,4,Abid_Hamid_Mahmud_Al-Tikriti,Abid_Hamid_Mahmud_Al-Tikriti_0003.jpg,False,False,True,,,88.76744080585678,0.004624730222165855
gaussnoise_4,4,Adam_Sandler,Adam_Sandler_0003.jpg,False,False,True,,,89.80446927383457,0.007089736125093137
gaussnoise_4,4,Adam_Scott,Adam_Scott_0002.jpg,False,False,False,,,90.27790677360659,0.004739659821296822
gaussnoise_4,4,Adel_Al-Jubeir,Adel_Al-Jubeir_0003.jpg,False,False,True,,,93.95313220946824,0.0003323903052878799
gaussnoise_4,4,Adolfo_Aguilar_Zinser,Adolfo_Aguilar_Zinser_0003.jpg,False,False,True,,,88.66161887319296,0.006445535421367192
gaussnoise_4,4,Adolfo_Rodriguez_Saa,Adolfo_Rodriguez_Saa_0001.jpg,False,False,True,,,86.37125914709938,0.003793327317298061
gaussnoise_4,4,Adrian_McPherson,Adrian_McPherson_0001.jpg,False,False,True,,,91.60040159913439,0.0014304400975498214
gaussnoise_4,4,Adrian_Nastase,Adrian_Nastase_0002.jpg,False,False,True,,,85.88256089842378,0.02486418093384289
gaussnoise_4,4,Adrien_Brody,Adrien_Brody_0009.jpg,False,False,True,,,91.47560201169782,0.0043281828948935445
gaussnoise_4,4,Ahmad_Masood,Ahmad_Masood_0001.jpg,False,False,True,,,87.48327292268493,0.020047718867125894
gaussnoise_4,4,Ahmed_Chalabi,Ahmed_Chalabi_0002.jpg,False,False,True,,,90.66371457589082,0.005852855289617583
gaussnoise_4,4,Ahmet_Necdet_Sezer,Ahmet_Necdet_Sezer_0002.jpg,False,False,True,,,88.22714527156478,0.00307674634493768
gaussnoise_4,4,Ai_Sugiyama,Ai_Sugiyama_0005.jpg,False,False,True,,,88.49581968865316,0.009370582738259312
gaussnoise_4,4,Aicha_El_Ouafi,Aicha_El_Ouafi_0002.jpg,False,False,True,,,91.34186813182185,0.0011879093656978037
gaussnoise_4,4,Aitor_Gonzalez,Aitor_Gonzalez_0001.jpg,False,False,True,,,87.92194311437501,0.003008207074714556
gaussnoise_4,4,Akbar_Hashemi_Rafsanjani,Akbar_Hashemi_Rafsanjani_0001.jpg,False,False,True,,,87.76352699741147,0.010915190978166537
gaussnoise_4,4,Akhmed_Zakayev,Akhmed_Zakayev_0002.jpg,False,False,True,,,87.70886601955755,0.006460704939704154
histeq,,Aaron_Peirsol,Aaron_Peirsol_0003.jpg,False,False,True,,,82.33582042941956,0.009062573678591814
histeq,,Aaron_Sorkin,Aaron_Sorkin_0002.jpg,False,False,True,,,83.82900285474308,0.0017859705957050116
histeq,,Abdel_Nasser_Assidi,Abdel_Nasser_Assidi_0002.jpg,False,False,True,,,90.09261818664024,0.0053203882739990644
histeq,,Abdoulaye_Wade,Abdoulaye_Wade_0001.jpg,False,False,True,,,90.53856419781548,0.012793422130680908
histeq,,Abdullah,Abdullah_0003.jpg,False,False,True,,,89.34889416165032,0.008974611363734218
histeq,,Abdullah_Gul,Abdullah_Gul_0009.jpg,False,False,True,,,85.06589935968243,0.0027799726588689415
histeq,,Abdullah_al-Attiyah,Abdullah_al-Attiyah_0002.jpg,False,False,True,,,81.0865359481804,0.020287382437882955
histeq,,Abdullatif_Sener,Abdullatif_Sener_0002.jpg,False,False,True,,,83.03106487242343,0.01206628382630154
histeq,,Abel_Pacheco,Abel_Pacheco_0002.jpg,False,False,True,,,84.36508669711185,0.05176123416213116
histeq,,Abid_Hamid_Mahmud_Al-Tikriti,Abid_Hamid_Mahmud_Al-Tikriti_0003.jpg,False,False,False,,,86.57324518269924,0.0035617311352673206
histeq,,Adam_Sandler,Adam_Sandler_0003.jpg,False,False,True,,,88.59140545097017,0.0006656049588978045
histeq,,Adam_Scott,Adam_Scott_0002.jpg,False,False,False,,,88.70729174981065,0.014861198267917345
histeq,,Adel_Al-Jubeir,Adel_Al-Jubeir_0003.jpg,False,False,True,,,70.68014860777313,0.06713433722377045
histeq,,Adolfo_Aguilar_Zinser,Adolfo_Aguilar_Zinser_0003.jpg,False,False,True,,,86.89304206936299,0.012716754598220564
histeq,,Adolfo_Rodriguez_Saa,Adolfo_Rodriguez_Saa_0001.jpg,False,False,False,,,85.93881429809942,0.0139749488497207
histeq,,Adrian_McPherson,Adrian_McPherson_0001.jpg,False,False,True,,,87.15492862563359,0.010145084637339636
histeq,,Adrian_Nastase,Adrian_Nastase_0002.jpg,False,False,True,,,86.2912572768056,0.001549639502938109
histeq,,Adrien_Brody,Adrien_Brody_0009.jpg,False,False,True,,,95.97300494532149,0.014990409354874187
histeq,,Ahmad_Masood,Ahmad_Masood_0001.jpg,False,False,True,,,82.95547020199905,0.005165430217659498
histeq,,Ahmed_Chalabi,Ahmed_Chalabi_0002.jpg,False,False,True,,,75.25605977281646,0.014691890149945541
histeq,,Ahmet_Necdet_Sezer,Ahmet_Necdet_Sezer_0002.jpg,False,False,True,,,86.32009113199871,0.005078792745492135
histeq,,Ai_Sugiyama,Ai_Sugiyama_0005.jpg,False,False,True,,,84.06076293418535,0.012715234877959515
histeq,,Aicha_El_Ouafi,Aicha_El_Ouafi_0002.jpg,False,False,True,,,88.80611341739876,0.004592379548747078
histeq,,Aitor_Gonzalez,Aitor_Gonzalez_0001.jpg,False,False,True,,,90.56185536242985,0.01694521439765909
histeq,,Akbar_Hashemi_Rafsanjani,Akbar_Hashemi_Rafsanjani_0001.jpg,False,False,True,,,89.68389310958028,0.002761993149683923
histeq,,Akhmed_Zakayev,Akhmed_Zakayev_0002.jpg,False,False,True,,,84.20766077005212,0.03217695786460177
autolevel,,Aaron_Peirsol,Aaron_Peirsol_0003.jpg,False,False,True,,,82.23479964506447,0.014702279492559714
autolevel,,Aaron_Sorkin,Aaron_Sorkin_0002.jpg,False,False,True,,,82.3507976100581,0.0013724623315412147
autolevel,,Abdel_Nasser_Assidi,Abdel_Nasser_Assidi_0002.jpg,False,False,True,,,90.90426183872339,0.001957761966648116
autolevel,,Abdoulaye_Wade,Abdoulaye_Wade_0001.jpg,False,False,True,,,95.10154463716717,0.0018459407778106287
autolevel,,Abdullah,Abdullah_0003.jpg,False,False,True,,,87.9267286855244,0.006002066404685149
autolevel,,Abdullah_Gul,Abdullah_Gul_0009.jpg,False,False,True,,,84.81278827807357,0.013667276162326249
autolevel,,Abdullah_al-Attiyah,Abdullah_al-Attiyah_0002.jpg,False,False,True,,,80.04318230838422,0.040228967429094674
autolevel,,Abdullatif_Sener,Abdullatif_Sener_0002.jpg,False,False,True,,,81.90029470530567,0.035649231106937254
autolevel,,Abel_Pacheco,Abel_Pacheco_0002.jpg,False,False,True,,,82.923432730581,0.04868361946210543
autolevel,,Abid_Hamid_Mahmud_Al-Tikriti,Abid_Hamid_Mahmud_Al-Tikriti_0003.jpg,False,False,True,,,84.9427553812927,0.0076090170769001235
autolevel,,Adam_Sandler,Adam_Sandler_0003.jpg,False,False,True,,,90.96334523309326,0.0060579301833260735
autolevel,,Adam_Scott,Adam_Scott_0002.jpg,False,False,False,,,87.7428490836385,0.017163738695714765
autolevel,,Adel_Al-Jubeir,Adel_Al-Jubeir_0003.jpg,False,False,True,,,70.27290559717737,0.09652275999857308
autolevel,,Adolfo_Aguilar_Zinser,Adolfo_Aguilar_Zinser_0003.jpg,False,False,True,,,86.51020685951097,0.002591575262217459
autolevel,,Adolfo_Rodriguez_Saa,Adolfo_Rodriguez_Saa_0001.jpg,False,False,True,,,87.41813726254092,0.00016589467919065194
autolevel,,Adrian_McPherson,Adrian_McPherson_0001.jpg,False,False,True,,,86.09623359139351,0.009027322816407946
autolevel,,Adrian_Nastase,Adrian_Nastase_0002.jpg,False,False,True,,,84.89236016407283,0.002771188084494812
autolevel,,Adrien_Brody,Adrien_Brody_0009.jpg,False,False,True,,,97.27830808231826,0.0076630248596379754
autolevel,,Ahmad_Masood,Ahmad_Masood_0001.jpg,False,False,True,,,83.56896696390919,0.003138132956577075
autolevel,,Ahmed_Chalabi,Ahmed_Chalabi_0002.jpg,False,False,True,,,74.29406227815977,0.0061336660644145
autolevel,,Ahmet_Necdet_Sezer,Ahmet_Necdet_Sezer_0002.jpg,False,False,True,,,86.33366107229853,0.004754292332661235
autolevel,,Ai_Sugiyama,Ai_Sugiyama_0005.jpg,False,False,True,,,79.98377279318052,0.011526196095220376
autolevel,,Aicha_El_Ouafi,Aicha_El_Ouafi_0002.jpg,False,False,True,,,87.98334589346257,0.01843743727454049
autolevel,,Aitor_Gonzalez,Aitor_Gonzalez_0001.jpg,False,False,True,,,93.48818804816167,0.003816455162552607
autolevel,,Akbar_Hashemi_Rafsanjani,Akbar_Hashemi_Rafsanjani_0001.jpg,False,False,True,,,91.12564401370204,0.007155224044748489
autolevel,,Akhmed_Zakayev,Akhmed_Zakayev_0002.jpg,False,False,True,,,83.96819083779381,0.03099768236210829
blur_7,7,Aaron_Peirsol,Aaron_Peirsol_0003.jpg,False,False,True,,,85.12325076795915,0.008317426456420493
blur_7,7,Aaron_Sorkin,Aaron_Sorkin_0002.jpg,False,False,True,,,82.72304789474353,0.008618053415843058
blur_7,7,Abdel_Nasser_Assidi,Abdel_Nasser_Assidi_0002.jpg,False,False,True,,,88.13400888099619,0.010673111743162426
blur_7,7,Abdoulaye_Wade,Abdoulaye_Wade_0001.jpg,False,False,True,,,96.52307111494656,0.002388087736887557
blur_7,7,Abdullah,Abdullah_0003.jpg,False,False,True,,,88.56535504332511,0.0013904703527809472
blur_7,7,Abdullah_Gul,Abdullah_Gul_0009.jpg,False,False,True,,,88.71415055875406,0.01654950091288093
blur_7,7,Abdullah_al-Attiyah,Abdullah_al-Attiyah_0002.jpg,False,False,True,,,86.50655237836939,0.0005563145668900825
blur_7,7,Abdullatif_Sener,Abdullatif_Sener_0002.jpg,False,False,True,,,86.9855702865892,0.0031579120250336476
blur_7,7,Abel_Pacheco,Abel_Pacheco_0002.jpg,False,False,True,,,86.68737993516682,0.059847705825117906
blur_7,7,Abid_Hamid_Mahmud_Al-Tikriti,Abid_Hamid_Mahmud_Al-Tikriti_0003.jpg,False,False,True,,,85.95504701878383,0.0064920246816751225
blur_7,7,Adam_Sandler,Adam_Sandler_0003.jpg,False,False,True,,,93.38295220404183,0.005117477688566709
blur_7,7,Adam_Scott,Adam_Scott_0002.jpg,False,False,False,,,89.02519329028243,0.008215551616642197
blur_7,7,Adel_Al-Jubeir,Adel_Al-Jubeir_0003.jpg,False,False,True,,,72.35762083356637,0.08591787076155516
blur_7,7,Adolfo_Aguilar_Zinser,Adolfo_Aguilar_Zinser_0003.jpg,False,False,True,,,88.18576782299189,0.0018731841581682567
blur_7,7,Adolfo_Rodriguez_Saa,Adolfo_Rodriguez_Saa_0001.jpg,False,False,True,,,87.97797160813695,0.004525630909747899
blur_7,7,Adrian_McPherson,Adrian_McPherson_0001.jpg,False,False,True,,,86.13433784867715,0.01026704994939109
blur_7,7,Adrian_Nastase,Adrian_Nastase_0002.jpg,False,False,True,,,84.33782888147854,0.008113121251492694
blur_7,7,Adrien_Brody,Adrien_Brody_0009.jpg,False,False,True,,,102.31412627873053,0.016756742583777278
blur_7,7,Ahmad_Masood,Ahmad_Masood_0001.jpg,False,False,True,,,85.56311688608503,0.013573514990196933
blur_7,7,Ahmed_Chalabi,Ahmed_Chalabi_0002.jpg,False,False,True,,,79.87749425028369,0.02181959096821019
blur_7,7,Ahmet_Necdet_Sezer,Ahmet_Necdet_Sezer_0002.jpg,False,False,True,,,84.74275191772051,0.005633801941547751
blur_7,7,Ai_Sugiyama,Ai_Sugiyama_0005.jpg,False,False,True,,,83.10719532709608,0.008341673860000254
blur_7,7,Aicha_El_Ouafi,Aicha_El_Ouafi_0002.jpg,False,False,True,,,89.16879537229798,0.02258848560847753
blur_7,7,Aitor_Gonzalez,Aitor_Gonzalez_0001.jpg,False,False,True,,,97.6081526521158,3.7614252074226904e-06
blur_7,7,Akbar_Hashemi_Rafsanjani,Akbar_Hashemi_Rafsanjani_0001.jpg,False,False,True,,,92.26042303832381,0.003870923425079761
blur_7,7,Akhmed_Zakayev,Akhmed_Zakayev_0002.jpg,False,False,True,,,89.8324101962935,0.004851973537912419
blur_5,5,Aaron_Peirsol,Aaron_Peirsol_0003.jpg,False,False,True,,,84.0527002765024,0.0005543888841077415
blur_5,5,Aaron_Sorkin,Aaron_Sorkin_0002.jpg,False,False,True,,,80.61693168247749,0.007053904787921668
blur_5,5,Abdel_Nasser_Assidi,Abdel_Nasser_Assidi_0002.jpg,False,False,True,,,88.51717272331456,0.006050706078751945
blur_5,5,Abdoulaye_Wade,Abdoulaye_Wade_0001.jpg,False,False,True,,,95.63211762437301,0.013218208691665475
blur_5,5,Abdullah,Abdullah_0003.jpg,False,False,True,,,88.49119366650669,0.00047135772774398556
blur_5,5,Abdullah_Gul,Abdullah_Gul_0009.jpg,False,False,True,,,86.19798859577568,0.0024977843341939935
blur_5,5,Abdullah_al-Attiyah,Abdullah_al-Attiyah_0002.jpg,False,False,True,,,82.68183023089107,0.007253917745872002
blur_5,5,Abdullatif_Sener,Abdullatif_Sener_0002.jpg,False,False,True,,,83.68304893766553,0.003254654136177625
blur_5,5,Abel_Pacheco,Abel_Pacheco_0002.jpg,False,False,True,,,83.6253560480135,0.07639661573678086
blur_5,5,Abid_Hamid_Mahmud_Al-Tikriti,Abid_Hamid_Mahmud_Al-Tikriti_0003.jpg,False,False,True,,,85.33247572053979,0.014256150873007606
blur_5,5,Adam_Sandler,Adam_Sandler_0003.jpg,False,False,True,,,90.69153707668787,0.0035740562239296673
blur_5,5,Adam_Scott,Adam_Scott_0002.jpg,False,False,False,,,87.25354156268864,0.008179769055612395
blur_5,5,Adel_Al-Jubeir,Adel_Al-Jubeir_0003.jpg,False,False,True,,,69.84230259526227,0.08752737803860101
blur_5,5,Adolfo_Aguilar_Zinser,Adolfo_Aguilar_Zinser_0003.jpg,False,False,True,,,86.83926746621961,0.0021115604468767055
blur_5,5,Adolfo_Rodriguez_Saa,Adolfo_Rodriguez_Saa_0001.jpg,False,False,True,,,86.6040163121204,0.0006526683503843244
blur_5,5,Adrian_McPherson,Adrian_McPherson_0001.jpg,False,False,True,,,85.17507170006127,0.018433327475279156
blur_5,5,Adrian_Nastase,Adrian_Nastase_0002.jpg,False,False,True,,,83.6377011517495,0.0013349914122267922
blur_5,5,Adrien_Brody,Adrien_Brody_0009.jpg,False,False,True,,,102.37905122165449,0.014273737779166523
blur_5,5,Ahmad_Masood,Ahmad_Masood_0001.jpg,False,False,True,,,84.67542470490147,0.009121836936672472
blur_5,5,Ahmed_Chalabi,Ahmed_Chalabi_0002.jpg,False,False,True,,,74.50618945925723,0.03883130870617638
blur_5,5,Ahmet_Necdet_Sezer,Ahmet_Necdet_Sezer_0002.jpg,False,False,True,,,86.76739198733289,0.002076424056037218
blur_5,5,Ai_Sugiyama,Ai_Sugiyama_0005.jpg,False,False,True,,,84.39029882101,0.0032032194263278196
blur_5,5,Aicha_El_Ouafi,Aicha_El_Ouafi_0002.jpg,False,False,True,,,86.74579658024814,0.033667031877916094
blur_5,5,Aitor_Gonzalez,Aitor_Gonzalez_0001.jpg,False,False,True,,,95.0237650212605,0.009301302194367273
blur_5,5,Akbar_Hashemi_Rafsanjani,Akbar_Hashemi_Rafsanjani_0001.jpg,False,False,True,,,91.83050301618297,0.009930471237011657
blur_5,5,Akhmed_Zakayev,Akhmed_Zakayev_0002.jpg,False,False,True,,,87.39257205924324,0.01335977393815292
blur_3,3,Aaron_Peirsol,Aaron_Peirsol_0003.jpg,False,False,True,,,83.14089150583219,0.003360601547251464
blur_3,3,Aaron_Sorkin,Aaron_Sorkin_0002.jpg,False,False,True,,,81.9975950179238,0.00261074160081944
blur_3,3,Abdel_Nasser_Assidi,Abdel_Nasser_Assidi_0002.jpg,False,False,True,,,89.11808621203039,0.001943743304512356
blur_3,3,Abdoulaye_Wade,Abdoulaye_Wade_0001.jpg,False,False,True,,,94.51099974960312,0.024666871947622713
blur_3,3,Abdullah,Abdullah_0003.jpg,False,False,True,,,89.60670032323975,0.0022925380596624033
blur_3,3,Abdullah_Gul,Abdullah_Gul_0009.jpg,False,False,True,,,86.11765407237979,0.008685295555155842
blur_3,3,Abdullah_al-Attiyah,Abdullah_al-Attiyah_0002.jpg,False,False,True,,,80.45870325295489,0.0408524508940474
blur_3,3,Abdullatif_Sener,Abdullatif_Sener_0002.jpg,False,False,True,,,83.22780129542569,0.011767830757837897
blur_3,3,Abel_Pacheco,Abel_Pacheco_0002.jpg,False,False,True,,,83.73311133232433,0.06466252551687134
blur_3,3,Abid_Hamid_Mahmud_Al-Tikriti,Abid_Hamid_Mahmud_Al-Tikriti_0003.jpg,False,False,True,,,86.17177489856047,0.0006534002507489506
blur_3,3,Adam_Sandler,Adam_Sandler_0003.jpg,False,False,True,,,91.56487968881703,0.0034466391908693854
blur_3,3,Adam_Scott,Adam_Scott_0002.jpg,False,False,False,,,87.84389081081929,0.0067126692923504755
blur_3,3,Adel_Al-Jubeir,Adel_Al-Jubeir_0003.jpg,False,False,True,,,70.87404450982612,0.07259076511839635
blur_3,3,Adolfo_Aguilar_Zinser,Adolfo_Aguilar_Zinser_0003.jpg,False,False,True,,,86.47341550524591,0.007154612774301145
blur_3,3,Adolfo_Rodriguez_Saa,Adolfo_Rodriguez_Saa_0001.jpg,False,False,True,,,86.77333070385285,0.0073873106865039425
blur_3,3,Adrian_McPherson,Adrian_McPherson_0001.jpg,False,False,True,,,84.3709687087509,0.02644420914073822
blur_3,3,Adrian_Nastase,Adrian_Nastase_0002.jpg,False,False,True,,,83.0561950233816,0.019648199803367142
blur_3,3,Adrien_Brody,Adrien_Brody_0009.jpg,False,False,True,,,101.18033461998911,0.007307603850446172
blur_3,3,Ahmad_Masood,Ahmad_Masood_0001.jpg,False,False,True,,,83.47400329960743,0.011661278077500259
blur_3,3,Ahmed_Chalabi,Ahmed_Chalabi_0002.jpg,False,False,True,,,73.29175517565034,0.0677373997968111
blur_3,3,Ahmet_Necdet_Sezer,Ahmet_Necdet_Sezer_0002.jpg,False,False,True,,,85.81052921493767,0.009674246484482795
blur_3,3,Ai_Sugiyama,Ai_Sugiyama_0005.jpg,False,False,True,,,83.28100489158348,0.0016480788041820585
blur_3,3,Aicha_El_Ouafi,Aicha_El_Ouafi_0002.jpg,False,False,True,,,88.50608591013085,0.018679037950855803
blur_3,3,Aitor_Gonzalez,Aitor_Gonzalez_0001.jpg,False,False,True,,,94.9815657787041,0.008506973132782512
blur_3,3,Akbar_Hashemi_Rafsanjani,Akbar_Hashemi_Rafsanjani_0001.jpg,False,False,True,,,91.53702946587651,0.006837499675869302
blur_3,3,Akhmed_Zakayev,Akhmed_Zakayev_0002.jpg,False,False,True,,,85.56487459298319,0.017860950570196484
rot_270,270,Aaron_Peirsol,Aaron_Peirsol_0003.jpg,True,False,False,,,85.87751758824848,0.02957467025019247
rot_270,270,Aaron_Sorkin,Aaron_Sorkin_0002.jpg,True,False,False,,,89.60648514903079,0.00039157479350426013
rot_270,270,Abdel_Nasser_Assidi,Abdel_Nasser_Assidi_0002.jpg,False,False,False,,,94.73312112311524,0.012031523174127326
rot_270,270,Abdoulaye_Wade,Abdoulaye_Wade_0001.jpg,True,False,False,,,98.85934647615804,5.837403996635963e-05
rot_270,270,Abdullah,Abdullah_0003.jpg,False,False,False,,,94.03504554118247,0.0002537947868275651
rot_270,270,Abdullah_Gul,Abdullah_Gul_0009.jpg,False,False,False,,,94.55002894672964,0.0033266381102977486
rot_270,270,Abdullah_al-Attiyah,Abdullah_al-Attiyah_0002.jpg,False,False,False,,,88.35600803421303,0.003230617287386994
rot_270,270,Abdullatif_Sener,Abdullatif_Sener_0002.jpg,False,False,False,,,95.13033186020184,0.003945640015487867
rot_270,270,Abel_Pacheco,Abel_Pacheco_0002.jpg,True,False,False,,,93.35901867692229,0.00310945944682933
rot_270,270,Abid_Hamid_Mahmud_Al-Tikriti,Abid_Hamid_Mahmud_Al-Tikriti_0003.jpg,False,False,False,,,88.90882793960876,0.011208387293934093
rot_270,270,Adam_Sandler,Adam_Sandler_0003.jpg,False,False,False,,,94.17702714442837,0.011546111309036987
rot_270,270,Adam_Scott,Adam_Scott_0002.jpg,False,False,False,,,92.19938053579206,0.0047402319804665085
rot_270,270,Adel_Al-Jubeir,Adel_Al-Jubeir_0003.jpg,False,False,False,,,79.92816398361524,0.014818312029516705
rot_270,270,Adolfo_Aguilar_Zinser,Adolfo_Aguilar_Zinser_0003.jpg,False,False,False,,,90.1113782797797,0.007656240283352147
rot_270,270,Adolfo_Rodriguez_Saa,Adolfo_Rodriguez_Saa_0001.jpg,False,False,False,,,96.01965727158033,0.014415962594515306
rot_270,270,Adrian_McPherson,Adrian_McPherson_0001.jpg,True,False,False,,,91.63446357193857,0.010756698486721639
rot_270,270,Adrian_Nastase,Adrian_Nastase_0002.jpg,True,False,False,,,89.97346223728172,0.004078087342122685
rot_270,270,Adrien_Brody,Adrien_Brody_0009.jpg,False,False,False,,,107.9530390241938,0.005957629656503637
rot_270,270,Ahmad_Masood,Ahmad_Masood_0001.jpg,False,False,False,,,87.68901398479953,0.019783702147878356
rot_270,270,Ahmed_Chalabi,Ahmed_Chalabi_0002.jpg,False,False,False,,,75.86083807268423,0.00048481866487946933
rot_270,270,Ahmet_Necdet_Sezer,Ahmet_Necdet_Sezer_0002.jpg,False,False,False,,,91.04943333419035,0.010735661022437467
rot_270,270,Ai_Sugiyama,Ai_Sugiyama_0005.jpg,True,False,False,,,89.73695013730486,0.014444080601244375
rot_270,270,Aicha_El_Ouafi,Aicha_El_Ouafi_0002.jpg,False,False,False,,,92.59992697548745,0.012946446198667642
rot_270,270,Aitor_Gonzalez,Aitor_Gonzalez_0001.jpg,False,False,False,,,100.73933273013573,0.030289051156322293
rot_270,270,Akbar_Hashemi_Rafsanjani,Akbar_Hashemi_Rafsanjani_0001.jpg,False,False,False,,,96.0695042326548,0.002112337695315447
rot_270,270,Akhmed_Zakayev,Akhmed_Zakayev_0002.jpg,True,False,False,,,93.99076669637802,0.003757904799388805
rot_180,180,Aaron_Peirsol,Aaron_Peirsol_0003.jpg,False,False,False,,,89.8165465863056,0.008867034446222485
rot_180,180,Aaron_Sorkin,Aaron_Sorkin_0002.jpg,False,False,False,,,93.17141892307771,0.0037026355828426684
rot_180,180,Abdel_Nasser_Assidi,Abdel_Nasser_Assidi_0002.jpg,False,False,False,,,93.27637776590464,0.005465334262371823
rot_180,180,Abdoulaye_Wade,Abdoulaye_Wade_0001.jpg,False,False,False,,,97.10312320938743,0.005384495499518085
rot_180,180,Abdullah,Abdullah_0003.jpg,False,False,False,,,93.89010998466183,0.001347602342245372
rot_180,180,Abdullah_Gul,Abdullah_Gul_0009.jpg,False,False,False,,,102.65904595171,0.0010651516676982414
rot_180,180,Abdullah_al-Attiyah,Abdullah_al-Attiyah_0002.jpg,False,False,False,,,98.53099891063883,0.02089333756471147
rot_180,180,Abdullatif_Sener,Abdullatif_Sener_0002.jpg,False,False,False,,,88.912773454658,0.02978988798049266
rot_180,180,Abel_Pacheco,Abel_Pacheco_0002.jpg,False,False,False,,,94.13878556060794,0.0024283817741370586
rot_180,180,Abid_Hamid_Mahmud_Al-Tikriti,Abid_Hamid_Mahmud_Al-Tikriti_0003.jpg,True,False,False,,,89.51973454064382,0.006339098853612177
rot_180,180,Adam_Sandler,Adam_Sandler_0003.jpg,False,False,False,,,94.11568852023701,0.00487716938062012
rot_180,180,Adam_Scott,Adam_Scott_0002.jpg,False,False,False,,,90.08951900189072,0.002872543217988296
rot_180,180,Adel_Al-Jubeir,Adel_Al-Jubeir_0003.jpg,False,False,False,,,98.44876967244883,0.04227214997824114
rot_180,180,Adolfo_Aguilar_Zinser,Adolfo_Aguilar_Zinser_0003.jpg,False,False,False,,,87.96872073527328,0.00964317558618799
rot_180,180,Adolfo_Rodriguez_Saa,Adolfo_Rodriguez_Saa_0001.jpg,False,False,False,,,94.93380843888986,0.014561636302392928
rot_180,180,Adrian_McPherson,Adrian_McPherson_0001.jpg,False,False,False,,,98.64368052711112,0.005003890039918084
rot_180,180,Adrian_Nastase,Adrian_Nastase_0002.jpg,False,False,False,,,88.68068592537287,0.016598316076911028
rot_180,180,Adrien_Brody,Adrien_Brody_0009.jpg,False,False,False,,,102.32362203480135,0.011145127307132503
rot_180,180,Ahmad_Masood,Ahmad_Masood_0001.jpg,False,False,False,,,92.84361804889367,0.0019285527815090997
rot_180,180,Ahmed_Chalabi,Ahmed_Chalabi_0002.jpg,False,False,False,,,96.0626785218856,0.008520762508055927
rot_180,180,Ahmet_Necdet_Sezer,Ahmet_Necdet_Sezer_0002.jpg,False,False,False,,,88.82284863167772,0.01191260060391206
rot_180,180,Ai_Sugiyama,Ai_Sugiyama_0005.jpg,False,False,False,,,96.24359957825105,0.014893050413315328
rot_180,180,Aicha_El_Ouafi,Aicha_El_Ouafi_0002.jpg,False,False,False,,,92.5575419852314,0.0020241919540454566
rot_180,180,Aitor_Gonzalez,Aitor_Gonzalez_0001.jpg,False,False,False,,,98.72898258677628,0.0019207010568793078
rot_180,180,Akbar_Hashemi_Rafsanjani,Akbar_Hashemi_Rafsanjani_0001.jpg,False,False,False,,,95.64414826232553,0.006132446172620604
rot_180,180,Akhmed_Zakayev,Akhmed_Zakayev_0002.jpg,True,False,False,,,93.1508166088683,0.006509452674713508
rot_90,90,Aaron_Peirsol,Aaron_Peirsol_0003.jpg,True,False,False,,,91.00477207421432,0.036123130192202334
rot_90,90,Aaron_Sorkin,Aaron_Sorkin_0002.jpg,True,False,False,,,94.50450505278047,0.008322971685252367
rot_90,90,Abdel_Nasser_Assidi,Abdel_Nasser_Assidi_0002.jpg,False,False,False,,,92.98420026457148,0.028563326148227836
rot_90,90,Abdoulaye_Wade,Abdoulaye_Wade_0001.jpg,True,False,False,,,98.12243649784394,0.0075019229776840226
rot_90,90,Abdullah,Abdullah_0003.jpg,False,False,False,,,92.95403030003146,0.016781711007226245
rot_90,90,Abdullah_Gul,Abdullah_Gul_0009.jpg,False,False,False,,,99.61149452410848,0.010715057375176638
rot_90,90,Abdullah_al-Attiyah,Abdullah_al-Attiyah_0002.jpg,False,False,False,,,89.33970578833973,0.024175911608953785
rot_90,90,Abdullatif_Sener,Abdullatif_Sener_0002.jpg,False,False,False,,,88.84746482260013,0.000797821665643598
rot_90,90,Abel_Pacheco,Abel_Pacheco_0002.jpg,True,False,False,,,94.74547603058491,0.024276278826016833
rot_90,90,Abid_Hamid_Mahmud_Al-Tikriti,Abid_Hamid_Mahmud_Al-Tikriti_0003.jpg,False,False,False,,,88.11476780757015,0.019859016221093588
rot_90,90,Adam_Sandler,Adam_Sandler_0003.jpg,True,False,False,,,94.69752039876585,0.0020170509662977695
rot_90,90,Adam_Scott,Adam_Scott_0002.jpg,True,False,False,,,90.57955583329246,0.009480089848716832
rot_90,90,Adel_Al-Jubeir,Adel_Al-Jubeir_0003.jpg,True,False,False,,,102.2949447736255,0.0007942865913926482
rot_90,90,Adolfo_Aguilar_Zinser,Adolfo_Aguilar_Zinser_0003.jpg,True,False,False,,,92.53179487524213,0.006116890480682282
rot_90,90,Adolfo_Rodriguez_Saa,Adolfo_Rodriguez_Saa_0001.jpg,False,False,False,,,97.69862865299385,0.0017241036432361638
rot_90,90,Adrian_McPherson,Adrian_McPherson_0001.jpg,True,False,False,,,96.32982262477074,0.008441729247201398
rot_90,90,Adrian_Nastase,Adrian_Nastase_0002.jpg,True,False,False,,,92.43739902316182,0.004930864973922429
rot_90,90,Adrien_Brody,Adrien_Brody_0009.jpg,False,False,False,,,105.33459858861406,0.011755562571987238
rot_90,90,Ahmad_Masood,Ahmad_Masood_0001.jpg,True,False,False,,,91.6915338800176,0.01811601870589063
rot_90,90,Ahmed_Chalabi,Ahmed_Chalabi_0002.jpg,True,False,False,,,99.55474163206304,0.011137651732732139
rot_90,90,Ahmet_Necdet_Sezer,Ahmet_Necdet_Sezer_0002.jpg,False,False,False,,,90.99389468484308,0.014233140326035917
rot_90,90,Ai_Sugiyama,Ai_Sugiyama_0005.jpg,True,False,False,,,94.17943858370144,0.0017682019522289587
rot_90,90,Aicha_El_Ouafi,Aicha_El_Ouafi_0002.jpg,False,False,False,,,92.69394070260918,0.005275665838634166
rot_90,90,Aitor_Gonzalez,Aitor_Gonzalez_0001.jpg,False,False,False,,,100.83222189432306,0.0003103853663557217
rot_90,90,Akbar_Hashemi_Rafsanjani,Akbar_Hashemi_Rafsanjani_0001.jpg,False,False,False,,,95.03548367070914,0.016495095517509637
rot_90,90,Akhmed_Zakayev,Akhmed_Zakayev_0002.jpg,True,False,False,,,93.30318624034909,0.0017695973739610654
rot_45,45,Aaron_Peirsol,Aaron_Peirsol_0003.jpg,False,False,False,,,101.5997835184015,0.0006507213754617646
rot_45,45,Aaron_Sorkin,Aaron_Sorkin_0002.jpg,False,False,False,,,101.50982138535235,0.0024754764405952936
rot_45,45,Abdel_Nasser_Assidi,Abdel_Nasser_Assidi_0002.jpg,False,False,False,,,91.85154847837171,0.009108502599826016
rot_45,45,Abdoulaye_Wade,Abdoulaye_Wade_0001.jpg,True,False,False,,,99.27662110057773,0.0020378981583520518
rot_45,45,Abdullah,Abdullah_0003.jpg,False,False,False,,,93.57468084048753,0.01502709450168173
rot_45,45,Abdullah_Gul,Abdullah_Gul_0009.jpg,False,False,False,,,102.3828995120706,0.0028330147071567824
rot_45,45,Abdullah_al-Attiyah,Abdullah_al-Attiyah_0002.jpg,False,False,False,,,96.90676609323073,0.028564908030367153
rot_45,45,Abdullatif_Sener,Abdullatif_Sener_0002.jpg,False,False,False,,,94.49623687226713,0.020489021698772564
rot_45,45,Abel_Pacheco,Abel_Pacheco_0002.jpg,False,False,False,,,95.2756821128366,0.016058923099099176
rot_45,45,Abid_Hamid_Mahmud_Al-Tikriti,Abid_Hamid_Mahmud_Al-Tikriti_0003.jpg,False,False,False,,,91.00622982153146,0.008749524396759545
rot_45,45,Adam_Sandler,Adam_Sandler_0003.jpg,False,False,False,,,94.33688418038211,0.00293229417178463
rot_45,45,Adam_Scott,Adam_Scott_0002.jpg,False,False,False,,,95.09495894092271,0.00375523012567328
rot_45,45,Adel_Al-Jubeir,Adel_Al-Jubeir_0003.jpg,False,False,False,,,104.60795061627398,0.003929293661052897
rot_45,45,Adolfo_Aguilar_Zinser,Adolfo_Aguilar_Zinser_0003.jpg,False,False,False,,,91.85996423788262,0.016837827929556175
rot_45,45,Adolfo_Rodriguez_Saa,Adolfo_Rodriguez_Saa_0001.jpg,False,False,True,,,96.30627479841932,0.0005375057011621957
rot_45,45,Adrian_McPherson,Adrian_McPherson_0001.jpg,True,False,False,,,100.38526938922496,0.0003697214627613346
rot_45,45,Adrian_Nastase,Adrian_Nastase_0002.jpg,False,False,True,,,96.17504247750827,0.00012970540178164653
rot_45,45,Adrien_Brody,Adrien_Brody_0009.jpg,False,False,False,,,109.5607581142713,0.008000069092901085
rot_45,45,Ahmad_Masood,Ahmad_Masood_0001.jpg,False,False,False,,,95.3617242945559,0.009343202649206808
rot_45,45,Ahmed_Chalabi,Ahmed_Chalabi_0002.jpg,False,False,False,,,98.74542258187464,0.020766144057681544
rot_45,45,Ahmet_Necdet_Sezer,Ahmet_Necdet_Sezer_0002.jpg,False,False,True,,,90.30561720669846,0.0008784767187099859
rot_45,45,Ai_Sugiyama,Ai_Sugiyama_0005.jpg,True,False,False,,,99.9319644655551,0.004987443714249264
rot_45,45,Aicha_El_Ouafi,Aicha_El_Ouafi_0002.jpg,False,False,False,,,92.49746018034756,0.008156664410456812
rot_45,45,Aitor_Gonzalez,Aitor_Gonzalez_0001.jpg,False,False,False,,,100.89386655450389,0.008207920307658712
rot_45,45,Akbar_Hashemi_Rafsanjani,Akbar_Hashemi_Rafsanjani_0001.jpg,False,False,False,,,97.74416719615442,0.0004085298667305297
rot_45,45,Akhmed_Zakayev,Akhmed_Zakayev_0002.jpg,False,False,False,,,95.93429995678076,0.004993657057498535
rot_25,25,Aaron_Peirsol,Aaron_Peirsol_0003.jpg,False,False,False,,,96.057708999223,0.008598714159977917
rot_25,25,Aaron_Sorkin,Aaron_Sorkin_0002.jpg,False,False,True,,,95.81999283918367,0.012654038374249228
rot_25,25,Abdel_Nasser_Assidi,Abdel_Nasser_Assidi_0002.jpg,False,False,True,,,89.52106626822156,0.010944284473275246
rot_25,25,Abdoulaye_Wade,Abdoulaye_Wade_0001.jpg,False,False,True,,,96.35131014081853,0.02215970362286187
rot_25,25,Abdullah,Abdullah_0003.jpg,False,False,True,,,92.01226897736939,0.007113553093475494
rot_25,25,Abdullah_Gul,Abdullah_Gul_0009.jpg,False,False,True,,,98.22806439215914,0.0005695403154560529
rot_25,25,Abdullah_al-Attiyah,Abdullah_al-Attiyah_0002.jpg,False,False,False,,,98.72319644560335,0.009760885415303405
rot_25,25,Abdullatif_Sener,Abdullatif_Sener_0002.jpg,False,False,False,,,94.36667354891601,0.00742381231659814
rot_25,25,Abel_Pacheco,Abel_Pacheco_0002.jpg,False,False,False,,,96.28862782912259,0.012424616981067262
rot_25,25,Abid_Hamid_Mahmud_Al-Tikriti,Abid_Hamid_Mahmud_Al-Tikriti_0003.jpg,False,False,True,,,92.34556594649993,0.005941224247918663
rot_25,25,Adam_Sandler,Adam_Sandler_0003.jpg,False,False,False,,,92.18282982039075,0.004415541839282771
rot_25,25,Adam_Scott,Adam_Scott_0002.jpg,False,False,False,,,92.06459806823901,0.004052665421260027
rot_25,25,Adel_Al-Jubeir,Adel_Al-Jubeir_0003.jpg,False,False,False,,,99.86731828264945,0.02765599557541087
rot_25,25,Adolfo_Aguilar_Zinser,Adolfo_Aguilar_Zinser_0003.jpg,False,False,True,,,91.62370473355946,0.017211351105797995
rot_25,25,Adolfo_Rodriguez_Saa,Adolfo_Rodriguez_Saa_0001.jpg,False,False,True,,,90.02056865093546,0.02365544059680237
rot_25,25,Adrian_McPherson,Adrian_McPherson_0001.jpg,False,False,True,,,97.52168665558212,0.011439056681314423
rot_25,25,Adrian_Nastase,Adrian_Nastase_0002.jpg,False,False,True,,,91.84359836606409,0.009131786507765362
rot_25,25,Adrien_Brody,Adrien_Brody_0009.jpg,False,False,True,,,103.944983425795,0.0023618119715296355
rot_25,25,Ahmad_Masood,Ahmad_Masood_0001.jpg,False,False,True,,,95.40536870971346,0.006850889142146723
rot_25,25,Ahmed_Chalabi,Ahmed_Chalabi_0002.jpg,False,False,False,,,94.2799703338506,0.023073686852887063
rot_25,25,Ahmet_Necdet_Sezer,Ahmet_Necdet_Sezer_0002.jpg,False,False,True,,,88.67242761726496,0.003438282280332114
rot_25,25,Ai_Sugiyama,Ai_Sugiyama_0005.jpg,False,False,False,,,94.78162104909958,0.03727414565697586
rot_25,25,Aicha_El_Ouafi,Aicha_El_Ouafi_0002.jpg,False,False,False,,,91.92350679720207,0.014893951549441127
rot_25,25,Aitor_Gonzalez,Aitor_Gonzalez_0001.jpg,False,False,True,,,98.33060373956883,0.007228486652584677
rot_25,25,Akbar_Hashemi_Rafsanjani,Akbar_Hashemi_Rafsanjani_0001.jpg,False,False,True,,,91.62583421306594,0.037241580392104734
rot_25,25,Akhmed_Zakayev,Akhmed_Zakayev_0002.jpg,False,False,True,,,92.75899330284128,0.002201876955610752
rot_10,10,Aaron_Peirsol,Aaron_Peirsol_0003.jpg,False,False,True,,,90.03868406266233,0.0038924015108324555
rot_10,10,Aaron_Sorkin,Aaron_Sorkin_0002.jpg,False,False,True,,,89.93277025079719,0.007710746619659948
rot_10,10,Abdel_Nasser_Assidi,Abdel_Nasser_Assidi_0002.jpg,False,False,True,,,88.01024244102884,0.018173133869644052
rot_10,10,Abdoulaye_Wade,Abdoulaye_Wade_0001.jpg,False,False,True,,,95.07526314012651,0.014162139558604233
rot_10,10,Abdullah,Abdullah_0003.jpg,False,False,True,,,90.55578430433377,0.008289581214870983
rot_10,10,Abdullah_Gul,Abdullah_Gul_0009.jpg,False,False,True,,,91.48163028563815,0.006888259575163427
rot_10,10,Abdullah_al-Attiyah,Abdullah_al-Attiyah_0002.jpg,False,False,True,,,89.23974785186945,0.011158014080383227
rot_10,10,Abdullatif_Sener,Abdullatif_Sener_0002.jpg,False,False,True,,,89.76181660357896,0.0015239948921198679
rot_10,10,Abel_Pacheco,Abel_Pacheco_0002.jpg,False,False,True,,,88.67612409091669,0.03783072020719315
rot_10,10,Abid_Hamid_Mahmud_Al-Tikriti,Abid_Hamid_Mahmud_Al-Tikriti_0003.jpg,False,False,True,,,88.34000820149231,0.0024471744252639663
rot_10,10,Adam_Sandler,Adam_Sandler_0003.jpg,False,False,True,,,89.48818409178122,0.001152644598424521
rot_10,10,Adam_Scott,Adam_Scott_0002.jpg,False,False,False,,,87.14121864153903,0.00019301720680615217
rot_10,10,Adel_Al-Jubeir,Adel_Al-Jubeir_0003.jpg,False,False,True,,,85.9887650281154,0.010110766967602252
rot_10,10,Adolfo_Aguilar_Zinser,Adolfo_Aguilar_Zinser_0003.jpg,False,False,True,,,88.98631727450984,0.002221976965695073
rot_10,10,Adolfo_Rodriguez_Saa,Adolfo_Rodriguez_Saa_0001.jpg,False,False,True,,,87.28343175462787,0.00911761212713471
rot_10,10,Adrian_McPherson,Adrian_McPherson_0001.jpg,False,False,True,,,91.46875830311393,0.008975140247557618
rot_10,10,Adrian_Nastase,Adrian_Nastase_0002.jpg,False,False,True,,,87.54435635271685,0.007486909210629071
rot_10,10,Adrien_Brody,Adrien_Brody_0009.jpg,False,False,True,,,101.34129936586888,0.0008555344965592461
rot_10,10,Ahmad_Masood,Ahmad_Masood_0001.jpg,False,False,True,,,88.84950457742207,0.0009567345303005858
rot_10,10,Ahmed_Chalabi,Ahmed_Chalabi_0002.jpg,False,False,True,,,85.17054843898586,0.006479949717953146
rot_10,10,Ahmet_Necdet_Sezer,Ahmet_Necdet_Sezer_0002.jpg,False,False,True,,,85.95636051882062,0.012238052486576178
rot_10,10,Ai_Sugiyama,Ai_Sugiyama_0005.jpg,False,False,True,,,89.95886798653518,0.017645251102925617
rot_10,10,Aicha_El_Ouafi,Aicha_El_Ouafi_0002.jpg,False,False,True,,,91.1241108608778,0.004300542321760004
rot_10,10,Aitor_Gonzalez,Aitor_Gonzalez_0001.jpg,False,False,True,,,97.44923442651617,0.0006231558228681789
rot_10,10,Akbar_Hashemi_Rafsanjani,Akbar_Hashemi_Rafsanjani_0001.jpg,False,False,True,,,91.8803794964019,0.0017614615115152292
rot_10,10,Akhmed_Zakayev,Akhmed_Zakayev_0002.jpg,False,False,True,,,89.0348472551633,0.012036292690768963
scale_50,50,Aaron_Peirsol,Aaron_Peirsol_0003.jpg,False,False,True,,,96.630262374344,0.003475918176401915
scale_50,50,Aaron_Sorkin,Aaron_Sorkin_0002.jpg,False,False,True,,,95.56131476494119,0.0068585928036275605
scale_50,50,Abdel_Nasser_Assidi,Abdel_Nasser_Assidi_0002.jpg,False,False,True,,,92.09159010184979,0.014191268162889441
scale_50,50,Abdoulaye_Wade,Abdoulaye_Wade_0001.jpg,False,False,True,,,98.46137107451091,0.008630911468098202
scale_50,50,Abdullah,Abdullah_0003.jpg,False,False,True,,,90.96420678583834,0.0002885167045662044
scale_50,50,Abdullah_Gul,Abdullah_Gul_0009.jpg,False,False,True,,,105.90740830569835,0.0023709725892005987
scale_50,50,Abdullah_al-Attiyah,Abdullah_al-Attiyah_0002.jpg,False,False,True,,,98.65582564021398,0.018944687475265003
scale_50,50,Abdullatif_Sener,Abdullatif_Sener_0002.jpg,False,False,True,,,92.25266779691421,0.0009050618481384384
scale_50,50,Abel_Pacheco,Abel_Pacheco_0002.jpg,False,False,True,,,96.12247287182933,0.0027189577818924953
scale_50,50,Abid_Hamid_Mahmud_Al-Tikriti,Abid_Hamid_Mahmud_Al-Tikriti_0003.jpg,False,False,True,,,89.77601777767582,0.002524917588576817
scale_50,50,Adam_Sandler,Adam_Sandler_0003.jpg,False,False,True,,,92.90792708991088,0.008059717133545159
scale_50,50,Adam_Scott,Adam_Scott_0002.jpg,False,False,False,,,89.80696008626074,0.0077419435979380795
scale_50,50,Adel_Al-Jubeir,Adel_Al-Jubeir_0003.jpg,True,False,False,,,111.67267772317567,0.00975568764520185
scale_50,50,Adolfo_Aguilar_Zinser,Adolfo_Aguilar_Zinser_0003.jpg,False,False,True,,,91.35578229311119,0.00402294691520052
scale_50,50,Adolfo_Rodriguez_Saa,Adolfo_Rodriguez_Saa_0001.jpg,False,False,True,,,93.52727715325074,0.018997740646941753
scale_50,50,Adrian_McPherson,Adrian_McPherson_0001.jpg,True,False,False,,,95.45559191392138,0.01592423415495476
scale_50,50,Adrian_Nastase,Adrian_Nastase_0002.jpg,False,False,True,,,92.6278334321002,0.007255116190201794
scale_50,50,Adrien_Brody,Adrien_Brody_0009.jpg,False,False,True,,,104.42212845926298,0.011712574106247159
scale_50,50,Ahmad_Masood,Ahmad_Masood_0001.jpg,False,False,True,,,93.6669367395807,0.022815243945498855
scale_50,50,Ahmed_Chalabi,Ahmed_Chalabi_0002.jpg,False,False,True,,,114.4089495490562,0.009067638727322976
scale_50,50,Ahmet_Necdet_Sezer,Ahmet_Necdet_Sezer_0002.jpg,False,False,True,,,93.20643337590748,0.006504587072229485
scale_50,50,Ai_Sugiyama,Ai_Sugiyama_0005.jpg,False,False,True,,,96.03894565041722,0.012603325466551386
scale_50,50,Aicha_El_Ouafi,Aicha_El_Ouafi_0002.jpg,False,False,True,,,90.98984995044313,0.01275483660009979
scale_50,50,Aitor_Gonzalez,Aitor_Gonzalez_0001.jpg,False,False,True,,,98.02123818279594,0.005085068591234687
scale_50,50,Akbar_Hashemi_Rafsanjani,Akbar_Hashemi_Rafsanjani_0001.jpg,False,False,True,,,93.67066967279312,0.0012027245181612269
scale_50,50,Akhmed_Zakayev,Akhmed_Zakayev_0002.jpg,False,False,True,,,91.08476476111406,0.0032422731222563274
scale_70,70,Aaron_Peirsol,Aaron_Peirsol_0003.jpg,False,False,True,,,98.69529167292016,0.0028622566910805306
scale_70,70,Aaron_Sorkin,Aaron_Sorkin_0002.jpg,False,False,True,,,94.15861345289113,0.01826231413558939
scale_70,70,Abdel_Nasser_Assidi,Abdel_Nasser_Assidi_0002.jpg,False,False,True,,,90.72092129306988,0.010010813903979263
scale_70,70,Abdoulaye_Wade,Abdoulaye_Wade_0001.jpg,False,False,True,,,95.5781949882055,0.011337867500936972
scale_70,70,Abdullah,Abdullah_0003.jpg,False,False,True,,,92.61376137084659,0.011543527297423412
scale_70,70,Abdullah_Gul,Abdullah_Gul_0009.jpg,False,False,True,,,101.30153797203582,0.017406661008065556
scale_70,70,Abdullah_al-Attiyah,Abdullah_al-Attiyah_0002.jpg,False,False,True,,,100.06786504212641,0.002617924420794593
scale_70,70,Abdullatif_Sener,Abdullatif_Sener_0002.jpg,False,False,True,,,93.1466243391412,0.006678528961604922
scale_70,70,Abel_Pacheco,Abel_Pacheco_0002.jpg,False,False,True,,,91.53590886206085,0.004315792897173844
scale_70,70,Abid_Hamid_Mahmud_Al-Tikriti,Abid_Hamid_Mahmud_Al-Tikriti_0003.jpg,False,False,True,,,88.30034161367963,0.010324880043861968
scale_70,70,Adam_Sandler,Adam_Sandler_0003.jpg,False,False,True,,,93.83772712465921,0.002468466826510828
scale_70,70,Adam_Scott,Adam_Scott_0002.jpg,False,False,False,,,88.75310531703369,0.00820296427727678
scale_70,70,Adel_Al-Jubeir,Adel_Al-Jubeir_0003.jpg,False,False,True,,,112.56252265355921,0.004886570540056919
scale_70,70,Adolfo_Aguilar_Zinser,Adolfo_Aguilar_Zinser_0003.jpg,False,False,True,,,86.37417542379637,0.01998053324425788
scale_70,70,Adolfo_Rodriguez_Saa,Adolfo_Rodriguez_Saa_0001.jpg,False,False,True,,,90.59046650290014,0.01050133617643925
scale_70,70,Adrian_McPherson,Adrian_McPherson_0001.jpg,False,False,True,,,98.08054346036515,0.0060392376143921355
scale_70,70,Adrian_Nastase,Adrian_Nastase_0002.jpg,False,False,True,,,89.92538479177077,0.006447676474770817
scale_70,70,Adrien_Brody,Adrien_Brody_0009.jpg,False,False,True,,,103.04101380347421,0.026266384219231744
scale_70,70,Ahmad_Masood,Ahmad_Masood_0001.jpg,False,False,True,,,95.44951454581437,0.003390777636746168
scale_70,70,Ahmed_Chalabi,Ahmed_Chalabi_0002.jpg,False,False,True,,,106.51258045358543,0.01594363490972536
scale_70,70,Ahmet_Necdet_Sezer,Ahmet_Necdet_Sezer_0002.jpg,False,False,True,,,90.01509008194293,0.0017000204596222205
scale_70,70,Ai_Sugiyama,Ai_Sugiyama_0005.jpg,False,False,True,,,94.88016735091375,0.0053046574056686245
scale_70,70,Aicha_El_Ouafi,Aicha_El_Ouafi_0002.jpg,False,False,True,,,90.0404692494156,0.00976837939986609
scale_70,70,Aitor_Gonzalez,Aitor_Gonzalez_0001.jpg,False,False,True,,,97.50920449667765,0.005731508627844009
scale_70,70,Akbar_Hashemi_Rafsanjani,Akbar_Hashemi_Rafsanjani_0001.jpg,False,False,True,,,94.36561258806015,0.0030595838032091453
scale_70,70,Akhmed_Zakayev,Akhmed_Zakayev_0002.jpg,False,False,True,,,90.62142219152673,0.010492467998825389
scale_90,90,Aaron_Peirsol,Aaron_Peirsol_0003.jpg,False,False,True,,,80.67607335069997,0.03729500040870373
scale_90,90,Aaron_Sorkin,Aaron_Sorkin_0002.jpg,False,False,True,,,80.90304890899444,0.038547329548085214
scale_90,90,Abdel_Nasser_Assidi,Abdel_Nasser_Assidi_0002.jpg,False,False,True,,,90.09073231320122,0.0009388032995903222
scale_90,90,Abdoulaye_Wade,Abdoulaye_Wade_0001.jpg,False,False,True,,,97.05993075270933,0.0001646891705077506
scale_90,90,Abdullah,Abdullah_0003.jpg,False,False,True,,,86.68934470259103,0.005313922634754633
scale_90,90,Abdullah_Gul,Abdullah_Gul_0009.jpg,False,False,True,,,81.29116419964527,0.01259063584440305
scale_90,90,Abdullah_al-Attiyah,Abdullah_al-Attiyah_0002.jpg,False,False,True,,,78.78610980177785,0.020498530025466366
scale_90,90,Abdullatif_Sener,Abdullatif_Sener_0002.jpg,False,False,True,,,86.68140166726982,0.0054640560628888505
scale_90,90,Abel_Pacheco,Abel_Pacheco_0002.jpg,False,False,True,,,86.2807799214601,0.018989738632242407
scale_90,90,Abid_Hamid_Mahmud_Al-Tikriti,Abid_Hamid_Mahmud_Al-Tikriti_0003.jpg,False,False,True,,,86.25789881839628,0.01003820376693691
scale_90,90,Adam_Sandler,Adam_Sandler_0003.jpg,False,False,True,,,90.04279396501023,0.0018788249039627637
scale_90,90,Adam_Scott,Adam_Scott_0002.jpg,False,False,False,,,86.94256619600318,0.009909561743154157
scale_90,90,Adel_Al-Jubeir,Adel_Al-Jubeir_0003.jpg,False,False,True,,,59.09737488063713,0.13290541095558692
scale_90,90,Adolfo_Aguilar_Zinser,Adolfo_Aguilar_Zinser_0003.jpg,False,False,True,,,84.96210535641092,0.01891512501481589
scale_90,90,Adolfo_Rodriguez_Saa,Adolfo_Rodriguez_Saa_0001.jpg,False,False,True,,,85.23627649631769,0.02715222680072589
scale_90,90,Adrian_McPherson,Adrian_McPherson_0001.jpg,False,False,True,,,84.86187356455677,0.00011091262114164078
scale_90,90,Adrian_Nastase,Adrian_Nastase_0002.jpg,False,False,True,,,83.84893780403638,0.0005973207213207348
scale_90,90,Adrien_Brody,Adrien_Brody_0009.jpg,False,False,True,,,100.96631000749832,0.004221950663219207
scale_90,90,Ahmad_Masood,Ahmad_Masood_0001.jpg,False,False,True,,,83.77816389978418,0.005116001574012237
scale_90,90,Ahmed_Chalabi,Ahmed_Chalabi_0002.jpg,False,False,True,,,76.60068539589014,0.0020696957971168646
scale_90,90,Ahmet_Necdet_Sezer,Ahmet_Necdet_Sezer_0002.jpg,False,False,True,,,86.34176891963673,0.014862652839183404
scale_90,90,Ai_Sugiyama,Ai_Sugiyama_0005.jpg,False,False,True,,,79.30021235974604,0.010534576316336431
scale_90,90,Aicha_El_Ouafi,Aicha_El_Ouafi_0002.jpg,False,False,True,,,90.88002138190642,0.00012184270530576941
scale_90,90,Aitor_Gonzalez,Aitor_Gonzalez_0001.jpg,False,False,True,,,96.32967350566571,0.0027149617540090723
scale_90,90,Akbar_Hashemi_Rafsanjani,Akbar_Hashemi_Rafsanjani_0001.jpg,False,False,True,,,90.24669715305014,0.021876597105649404
scale_90,90,Akhmed_Zakayev,Akhmed_Zakayev_0002.jpg,False,False,True,,,86.96278865488146,0.01517381018132171
trans_30,30,Aaron_Peirsol,Aaron_Peirsol_0003.jpg,False,False,True,,,104.85197855467145,0.004022280812811335
trans_30,30,Aaron_Sorkin,Aaron_Sorkin_0002.jpg,False,False,True,,,105.3999504444927,0.003546689531663265
trans_30,30,Abdel_Nasser_Assidi,Abdel_Nasser_Assidi_0002.jpg,False,False,True,,,94.10471661972312,0.0005656650447666582
trans_30,30,Abdoulaye_Wade,Abdoulaye_Wade_0001.jpg,False,False,True,,,102.50827233187931,7.391032446583669e-05
trans_30,30,Abdullah,Abdullah_0003.jpg,False,False,True,,,96.42354270487141,0.0073017150866535535
trans_30,30,Abdullah_Gul,Abdullah_Gul_0009.jpg,False,False,True,,,114.45589326350904,0.003855348161966898
trans_30,30,Abdullah_al-Attiyah,Abdullah_al-Attiyah_0002.jpg,False,False,True,,,119.46154713880546,0.007022752795448757
trans_30,30,Abdullatif_Sener,Abdullatif_Sener_0002.jpg,False,False,True,,,102.9116190865922,0.0013723141081573957
trans_30,30,Abel_Pacheco,Abel_Pacheco_0002.jpg,False,False,True,,,91.23258851653975,0.03571465339601907
trans_30,30,Abid_Hamid_Mahmud_Al-Tikriti,Abid_Hamid_Mahmud_Al-Tikriti_0003.jpg,False,False,True,,,92.29686180395268,0.012102011639588238
trans_30,30,Adam_Sandler,Adam_Sandler_0003.jpg,False,False,True,,,95.33982643019564,0.006283905217085095
trans_30,30,Adam_Scott,Adam_Scott_0002.jpg,False,False,False,,,94.43838270420261,0.010709487455961716
trans_30,30,Adel_Al-Jubeir,Adel_Al-Jubeir_0003.jpg,False,False,True,,,132.32023265426943,0.0004989553062484924
trans_30,30,Adolfo_Aguilar_Zinser,Adolfo_Aguilar_Zinser_0003.jpg,False,False,True,,,89.94709203768477,0.003757583590550917
trans_30,30,Adolfo_Rodriguez_Saa,Adolfo_Rodriguez_Saa_0001.jpg,False,False,False,,,106.78918272736712,0.0009112559569142861
trans_30,30,Adrian_McPherson,Adrian_McPherson_0001.jpg,False,False,True,,,109.28343217235678,0.01945635911047895
trans_30,30,Adrian_Nastase,Adrian_Nastase_0002.jpg,False,False,True,,,97.46187120979877,0.0014470293210861757
trans_30,30,Adrien_Brody,Adrien_Brody_0009.jpg,False,False,True,,,126.23575997619562,0.006892776256139996
trans_30,30,Ahmad_Masood,Ahmad_Masood_0001.jpg,False,False,True,,,106.08426021350562,0.004289649017574714
trans_30,30,Ahmed_Chalabi,Ahmed_Chalabi_0002.jpg,False,False,True,,,124.64675941528533,0.02414079888853743
trans_30,30,Ahmet_Necdet_Sezer,Ahmet_Necdet_Sezer_0002.jpg,False,False,True,,,91.05487740344611,0.0020123538326612305
trans_30,30,Ai_Sugiyama,Ai_Sugiyama_0005.jpg,False,False,True,,,110.58780185030648,0.0021394225448545462
trans_30,30,Aicha_El_Ouafi,Aicha_El_Ouafi_0002.jpg,False,False,True,,,91.42356659866512,0.004305615922528582
trans_30,30,Aitor_Gonzalez,Aitor_Gonzalez_0001.jpg,False,False,True,,,112.45124811742384,0.003096264907849096
trans_30,30,Akbar_Hashemi_Rafsanjani,Akbar_Hashemi_Rafsanjani_0001.jpg,False,False,True,,,102.35452486827046,0.016326110359632783
trans_30,30,Akhmed_Zakayev,Akhmed_Zakayev_0002.jpg,False,False,True,,,95.61689438211243,0.0027076194159274076
trans_20,20,Aaron_Peirsol,Aaron_Peirsol_0003.jpg,False,False,True,,,104.24000708830542,0.012422804556111932
trans_20,20,Aaron_Sorkin,Aaron_Sorkin_0002.jpg,False,False,True,,,106.63099826781166,0.007515599049709844
trans_20,20,Abdel_Nasser_Assidi,Abdel_Nasser_Assidi_0002.jpg,False,False,True,,,95.39950194711764,0.0011826881559222336
trans_20,20,Abdoulaye_Wade,Abdoulaye_Wade_0001.jpg,False,False,True,,,100.73480822838725,0.002574465274269522
trans_20,20,Abdullah,Abdullah_0003.jpg,False,False,True,,,95.07592334497117,0.018491331739111272
trans_20,20,Abdullah_Gul,Abdullah_Gul_0009.jpg,False,False,True,,,112.7458668925684,0.012363993506717616
trans_20,20,Abdullah_al-Attiyah,Abdullah_al-Attiyah_0002.jpg,False,False,True,,,112.67190921054265,0.01596470693040272
trans_20,20,Abdullatif_Sener,Abdullatif_Sener_0002.jpg,False,False,True,,,98.19371312869313,0.017586250266638567
trans_20,20,Abel_Pacheco,Abel_Pacheco_0002.jpg,False,False,True,,,91.28855739552895,0.04410227403629554
trans_20,20,Abid_Hamid_Mahmud_Al-Tikriti,Abid_Hamid_Mahmud_Al-Tikriti_0003.jpg,False,False,True,,,93.200780738408,0.004989062630880089
trans_20,20,Adam_Sandler,Adam_Sandler_0003.jpg,False,False,True,,,90.16121916973691,0.03113699349809015
trans_20,20,Adam_Scott,Adam_Scott_0002.jpg,False,False,False,,,95.9790096924101,0.005832268952051058
trans_20,20,Adel_Al-Jubeir,Adel_Al-Jubeir_0003.jpg,False,False,True,,,120.03823912473393,0.02127233386926161
trans_20,20,Adolfo_Aguilar_Zinser,Adolfo_Aguilar_Zinser_0003.jpg,False,False,True,,,90.89911868877414,0.012400783526837161
trans_20,20,Adolfo_Rodriguez_Saa,Adolfo_Rodriguez_Saa_0001.jpg,False,False,True,,,105.48106170144703,0.011557670404050672
trans_20,20,Adrian_McPherson,Adrian_McPherson_0001.jpg,False,False,True,,,107.34905083102188,0.0008568756097931952
trans_20,20,Adrian_Nastase,Adrian_Nastase_0002.jpg,False,False,True,,,93.77906687030446,0.006000679737987941
trans_20,20,Adrien_Brody,Adrien_Brody_0009.jpg,False,False,True,,,124.2004722039343,0.0017233815021411999
trans_20,20,Ahmad_Masood,Ahmad_Masood_0001.jpg,False,False,True,,,101.41933809547265,0.0004054818545486409
trans_20,20,Ahmed_Chalabi,Ahmed_Chalabi_0002.jpg,False,False,True,,,114.4845694608047,0.04074303124209301
trans_20,20,Ahmet_Necdet_Sezer,Ahmet_Necdet_Sezer_0002.jpg,False,False,True,,,91.89196385361916,0.012218972764607712
trans_20,20,Ai_Sugiyama,Ai_Sugiyama_0005.jpg,False,False,True,,,110.74458678896187,0.0019408741768521729
trans_20,20,Aicha_El_Ouafi,Aicha_El_Ouafi_0002.jpg,False,False,True,,,90.48068387521519,0.011576388585697884
trans_20,20,Aitor_Gonzalez,Aitor_Gonzalez_0001.jpg,False,False,True,,,109.42868337687153,0.009884563684276154
trans_20,20,Akbar_Hashemi_Rafsanjani,Akbar_Hashemi_Rafsanjani_0001.jpg,False,False,True,,,101.29243297290628,0.000784419482587183
trans_20,20,Akhmed_Zakayev,Akhmed_Zakayev_0002.jpg,False,False,True,,,97.51940747282309,0.027025533433737238
trans_10,10,Aaron_Peirsol,Aaron_Peirsol_0003.jpg,False,False,True,,,87.54945653003458,0.006523172041627987
trans_10,10,Aaron_Sorkin,Aaron_Sorkin_0002.jpg,False,False,True,,,89.444864932374,0.013187642777991273
trans_10,10,Abdel_Nasser_Assidi,Abdel_Nasser_Assidi_0002.jpg,False,False,True,,,92.16323877182452,0.010768697725404796
trans_10,10,Abdoulaye_Wade,Abdoulaye_Wade_0001.jpg,False,False,True,,,98.74909992369324,0.010601494694890936
trans_10,10,Abdullah,Abdullah_0003.jpg,False,False,True,,,92.4857304744821,0.0024599123952520896
trans_10,10,Abdullah_Gul,Abdullah_Gul_0009.jpg,False,False,True,,,97.73279041191108,0.0056292841556623485
trans_10,10,Abdullah_al-Attiyah,Abdullah_al-Attiyah_0002.jpg,False,False,True,,,83.24122661259017,0.06061845717004451
trans_10,10,Abdullatif_Sener,Abdullatif_Sener_0002.jpg,False,False,True,,,93.44066162472157,0.008672380026614072
trans_10,10,Abel_Pacheco,Abel_Pacheco_0002.jpg,False,False,True,,,92.33181498904295,0.008105420049418862
trans_10,10,Abid_Hamid_Mahmud_Al-Tikriti,Abid_Hamid_Mahmud_Al-Tikriti_0003.jpg,False,False,True,,,89.9736885006127,0.0006112895439298291
trans_10,10,Adam_Sandler,Adam_Sandler_0003.jpg,False,False,True,,,90.87579101343522,0.013153795893874075
trans_10,10,Adam_Scott,Adam_Scott_0002.jpg,False,False,False,,,93.72668492874499,0.00844371129182107
trans_10,10,Adel_Al-Jubeir,Adel_Al-Jubeir_0003.jpg,False,False,True,,,82.05897670348465,0.038723451898464906
trans_10,10,Adolfo_Aguilar_Zinser,Adolfo_Aguilar_Zinser_0003.jpg,False,False,True,,,89.6193018884893,0.02644684232643533
trans_10,10,Adolfo_Rodriguez_Saa,Adolfo_Rodriguez_Saa_0001.jpg,False,False,True,,,95.18564618990578,0.01329947348920556
trans_10,10,Adrian_McPherson,Adrian_McPherson_0001.jpg,False,False,True,,,90.17936369762788,0.01335460312369449
trans_10,10,Adrian_Nastase,Adrian_Nastase_0002.jpg,False,False,True,,,88.41212338763461,0.002959331035746859
trans_10,10,Adrien_Brody,Adrien_Brody_0009.jpg,False,False,True,,,110.29277834073051,0.0025155787535926346
trans_10,10,Ahmad_Masood,Ahmad_Masood_0001.jpg,False,False,True,,,86.18407345943574,0.01428650128205603
trans_10,10,Ahmed_Chalabi,Ahmed_Chalabi_0002.jpg,False,False,True,,,76.85051986285535,0.0030218483942226065
trans_10,10,Ahmet_Necdet_Sezer,Ahmet_Necdet_Sezer_0002.jpg,False,False,True,,,90.95879485374454,0.006939771255962176
trans_10,10,Ai_Sugiyama,Ai_Sugiyama_0005.jpg,False,False,True,,,89.62961173218088,0.01911193985214564
trans_10,10,Aicha_El_Ouafi,Aicha_El_Ouafi_0002.jpg,False,False,True,,,89.57682079188092,0.013443801824375193
trans_10,10,Aitor_Gonzalez,Aitor_Gonzalez_0001.jpg,False,False,True,,,99.66737846182917,0.007920645637960227
trans_10,10,Akbar_Hashemi_Rafsanjani,Akbar_Hashemi_Rafsanjani_0001.jpg,False,False,True,,,94.58404871903764,0.011014200328040603
trans_10,10,Akhmed_Zakayev,Akhmed_Zakayev_0002.jpg,False,False,True,,,90.31164293369268,0.010117874079378308
flip_lr,,Aaron_Peirsol,Aaron_Peirsol_0003.jpg,False,False,True,,,80.74321039802467,0.001594019237579788
flip_lr,,Aaron_Sorkin,Aaron_Sorkin_0002.jpg,False,False,True,,,83.4026965379584,0.0048108248319459045
flip_lr,,Abdel_Nasser_Assidi,Abdel_Nasser_Assidi_0002.jpg,False,False,True,,,90.49238700729714,0.004021233025004268
flip_lr,,Abdoulaye_Wade,Abdoulaye_Wade_0001.jpg,False,False,True,,,96.00058468517796,0.001827343582068236
flip_lr,,Abdullah,Abdullah_0003.jpg,False,False,True,,,88.57532173244044,0.003527773792021763
flip_lr,,Abdullah_Gul,Abdullah_Gul_0009.jpg,False,False,True,,,85.95545932481977,0.0016324676798565617
flip_lr,,Abdullah_al-Attiyah,Abdullah_al-Attiyah_0002.jpg,False,False,True,,,81.37893248082469,0.016154302967401418
flip_lr,,Abdullatif_Sener,Abdullatif_Sener_0002.jpg,False,False,True,,,88.2023757823631,0.014432815968709654
flip_lr,,Abel_Pacheco,Abel_Pacheco_0002.jpg,False,False,True,,,87.66649297744637,0.0030992923024882454
flip_lr,,Abid_Hamid_Mahmud_Al-Tikriti,Abid_Hamid_Mahmud_Al-Tikriti_0003.jpg,False,False,True,,,86.22383057930725,0.007656710936430202
flip_lr,,Adam_Sandler,Adam_Sandler_0003.jpg,False,False,True,,,90.8912400377802,3.929452564074115e-05
flip_lr,,Adam_Scott,Adam_Scott_0002.jpg,False,False,False,,,88.27651288604956,0.0029294764486956365
flip_lr,,Adel_Al-Jubeir,Adel_Al-Jubeir_0003.jpg,False,False,True,,,73.77712600488923,0.024551214932745927
flip_lr,,Adolfo_Aguilar_Zinser,Adolfo_Aguilar_Zinser_0003.jpg,False,False,True,,,86.40202354441647,0.008280906633666402
flip_lr,,Adolfo_Rodriguez_Saa,Adolfo_Rodriguez_Saa_0001.jpg,False,False,True,,,88.31582567805154,0.003431722506197193
flip_lr,,Adrian_McPherson,Adrian_McPherson_0001.jpg,False,False,True,,,87.13138398344469,0.002833985197351126
flip_lr,,Adrian_Nastase,Adrian_Nastase_0002.jpg,False,False,True,,,82.43629715546167,0.008632322528166541
flip_lr,,Adrien_Brody,Adrien_Brody_0009.jpg,False,False,True,,,91.35502423092643,0.06129294123947258
flip_lr,,Ahmad_Masood,Ahmad_Masood_0001.jpg,False,False,True,,,83.01467513684146,0.0031689588715501523
flip_lr,,Ahmed_Chalabi,Ahmed_Chalabi_0002.jpg,False,False,True,,,71.84220579519207,0.010263190836067932
flip_lr,,Ahmet_Necdet_Sezer,Ahmet_Necdet_Sezer_0002.jpg,False,False,True,,,86.14237584373629,0.006384993981835537
flip_lr,,Ai_Sugiyama,Ai_Sugiyama_0005.jpg,False,False,True,,,82.50856664394246,0.0021537928865404438
flip_lr,,Aicha_El_Ouafi,Aicha_El_Ouafi_0002.jpg,False,False,True,,,87.62786468345638,0.031566390392612366
flip_lr,,Aitor_Gonzalez,Aitor_Gonzalez_0001.jpg,False,False,True,,,96.27858387987534,0.006797512032070947
flip_lr,,Akbar_Hashemi_Rafsanjani,Akbar_Hashemi_Rafsanjani_0001.jpg,False,False,True,,,92.41382294527435,0.002230472707482825
flip_lr,,Akhmed_Zakayev,Akhmed_Zakayev_0002.jpg,False,False,True,,,87.3101462785332,0.005302104104468486
aspect_6_3,2.0,Aaron_Peirsol,Aaron_Peirsol_0003.jpg,False,False,True,,,82.70383172108316,0.004539278902182948
aspect_6_3,2.0,Aaron_Sorkin,Aaron_Sorkin_0002.jpg,False,False,True,,,82.02970549006353,0.011075093226456681
aspect_6_3,2.0,Abdel_Nasser_Assidi,Abdel_Nasser_Assidi_0002.jpg,False,False,True,,,89.71572825583692,0.0018246810670857821
aspect_6_3,2.0,Abdoulaye_Wade,Abdoulaye_Wade_0001.jpg,False,False,True,,,95.2643627598035,0.0057966991433807385
aspect_6_3,2.0,Abdullah,Abdullah_0003.jpg,False,False,True,,,88.75909432790348,0.00144129561846302
aspect_6_3,2.0,Abdullah_Gul,Abdullah_Gul_0009.jpg,False,False,True,,,87.03552052529061,0.016241554959742718
aspect_6_3,2.0,Abdullah_al-Attiyah,Abdullah_al-Attiyah_0002.jpg,False,False,True,,,83.42876045396045,0.012863514342393025
aspect_6_3,2.0,Abdullatif_Sener,Abdullatif_Sener_0002.jpg,False,False,True,,,80.95556012655157,0.03832146668586843
aspect_6_3,2.0,Abel_Pacheco,Abel_Pacheco_0002.jpg,False,False,True,,,83.68924010636496,0.07570805472574561
aspect_6_3,2.0,Abid_Hamid_Mahmud_Al-Tikriti,Abid_Hamid_Mahmud_Al-Tikriti_0003.jpg,False,False,True,,,85.91623703667315,0.002665113800996378
aspect_6_3,2.0,Adam_Sandler,Adam_Sandler_0003.jpg,False,False,True,,,90.65004342174191,0.006330528758495337
aspect_6_3,2.0,Adam_Scott,Adam_Scott_0002.jpg,False,False,False,,,88.01461786593622,0.00391354117433202
aspect_6_3,2.0,Adel_Al-Jubeir,Adel_Al-Jubeir_0003.jpg,False,False,True,,,70.72999467274889,0.06341288383717357
aspect_6_3,2.0,Adolfo_Aguilar_Zinser,Adolfo_Aguilar_Zinser_0003.jpg,False,False,True,,,84.08840754719365,0.01776256662547148
aspect_6_3,2.0,Adolfo_Rodriguez_Saa,Adolfo_Rodriguez_Saa_0001.jpg,False,False,True,,,87.4934767833561,0.0018898203477339692
aspect_6_3,2.0,Adrian_McPherson,Adrian_McPherson_0001.jpg,False,False,True,,,86.16983779249145,0.002874896879237916
aspect_6_3,2.0,Adrian_Nastase,Adrian_Nastase_0002.jpg,False,False,True,,,84.2826525317484,0.022138243530448378
aspect_6_3,2.0,Adrien_Brody,Adrien_Brody_0009.jpg,False,False,True,,,98.86408330026867,0.019056692047893
aspect_6_3,2.0,Ahmad_Masood,Ahmad_Masood_0001.jpg,False,False,True,,,83.35301867284788,0.003911611033074541
aspect_6_3,2.0,Ahmed_Chalabi,Ahmed_Chalabi_0002.jpg,False,False,True,,,76.01832469832485,0.024120442352502394
aspect_6_3,2.0,Ahmet_Necdet_Sezer,Ahmet_Necdet_Sezer_0002.jpg,False,False,True,,,84.78244565510077,0.020247367255936555
aspect_6_3,2.0,Ai_Sugiyama,Ai_Sugiyama_0005.jpg,False,False,True,,,83.12309259578879,0.000285806202561052
aspect_6_3,2.0,Aicha_El_Ouafi,Aicha_El_Ouafi_0002.jpg,False,False,True,,,86.24555472366487,0.04257203937382035
aspect_6_3,2.0,Aitor_Gonzalez,Aitor_Gonzalez_0001.jpg,False,False,True,,,94.5201839249705,0.008841101844682965
aspect_6_3,2.0,Akbar_Hashemi_Rafsanjani,Akbar_Hashemi_Rafsanjani_0001.jpg,False,False,True,,,90.21431891821435,0.014771613076282691
aspect_6_3,2.0,Akhmed_Zakayev,Akhmed_Zakayev_0002.jpg,False,False,True,,,86.54155512840754,0.014202896649054365
aspect_16_9,1.7777777777777777,Aaron_Peirsol,Aaron_Peirsol_0003.jpg,False,False,True,,,82.95815819398719,0.007715406445916384
aspect_16_9,1.7777777777777777,Aaron_Sorkin,Aaron_Sorkin_0002.jpg,False,False,True,,,82.46665652483682,0.00015520071590084157
aspect_16_9,1.7777777777777777,Abdel_Nasser_Assidi,Abdel_Nasser_Assidi_0002.jpg,False,False,True,,,89.32244262918579,0.0010827424994998686
aspect_16_9,1.7777777777777777,Abdoulaye_Wade,Abdoulaye_Wade_0001.jpg,False,False,True,,,95.095940149138,0.0010032601607528149
aspect_16_9,1.7777777777777777,Abdullah,Abdullah_0003.jpg,False,False,True,,,87.37823962831322,0.010371314423277152
aspect_16_9,1.7777777777777777,Abdullah_Gul,Abdullah_Gul_0009.jpg,False,False,True,,,86.02905294744329,0.003783195334212988
aspect_16_9,1.7777777777777777,Abdullah_al-Attiyah,Abdullah_al-Attiyah_0002.jpg,False,False,True,,,82.65910890661499,0.023254977669546165
aspect_16_9,1.7777777777777777,Abdullatif_Sener,Abdullatif_Sener_0002.jpg,False,False,True,,,80.44100710678234,0.0498583238987583
aspect_16_9,1.7777777777777777,Abel_Pacheco,Abel_Pacheco_0002.jpg,False,False,True,,,83.41090570768026,0.06538290574612951
aspect_16_9,1.7777777777777777,Abid_Hamid_Mahmud_Al-Tikriti,Abid_Hamid_Mahmud_Al-Tikriti_0003.jpg,False,False,True,,,84.91780578849787,0.006946790880347923
aspect_16_9,1.7777777777777777,Adam_Sandler,Adam_Sandler_0003.jpg,False,False,True,,,90.14643940002306,0.001964130525805014
aspect_16_9,1.7777777777777777,Adam_Scott,Adam_Scott_0002.jpg,False,False,False,,,88.29591790031853,0.001627095171206928
aspect_16_9,1.7777777777777777,Adel_Al-Jubeir,Adel_Al-Jubeir_0003.jpg,False,False,True,,,71.014658919488,0.0865924741609824
aspect_16_9,1.7777777777777777,Adolfo_Aguilar_Zinser,Adolfo_Aguilar_Zinser_0003.jpg,False,False,True,,,83.84749968353388,0.020790231981761498
aspect_16_9,1.7777777777777777,Adolfo_Rodriguez_Saa,Adolfo_Rodriguez_Saa_0001.jpg,False,False,True,,,85.79785772692935,0.013113790388643364
aspect_16_9,1.7777777777777777,Adrian_McPherson,Adrian_McPherson_0001.jpg,False,False,True,,,85.04439381284598,0.01233700971993201
aspect_16_9,1.7777777777777777,Adrian_Nastase,Adrian_Nastase_0002.jpg,False,False,True,,,84.28014061082192,0.015584790905738539
aspect_16_9,1.7777777777777777,Adrien_Brody,Adrien_Brody_0009.jpg,False,False,True,,,100.03147461073503,0.0007114340964186231
aspect_16_9,1.7777777777777777,Ahmad_Masood,Ahmad_Masood_0001.jpg,False,False,True,,,82.96296918359857,0.0025443520616147603
aspect_16_9,1.7777777777777777,Ahmed_Chalabi,Ahmed_Chalabi_0002.jpg,False,False,True,,,75.59123051766177,0.022331436134983156
aspect_16_9,1.7777777777777777,Ahmet_Necdet_Sezer,Ahmet_Necdet_Sezer_0002.jpg,False,False,True,,,85.67866305430466,0.005143573260836332
aspect_16_9,1.7777777777777777,Ai_Sugiyama,Ai_Sugiyama_0005.jpg,False,False,True,,,82.2095742870095,0.005200347239945188
aspect_16_9,1.7777777777777777,Aicha_El_Ouafi,Aicha_El_Ouafi_0002.jpg,False,False,True,,,87.7114687518337,0.025535928679417386
aspect_16_9,1.7777777777777777,Aitor_Gonzalez,Aitor_Gonzalez_0001.jpg,False,False,True,,,94.90269889170155,0.003384108212821529
aspect_16_9,1.7777777777777777,Akbar_Hashemi_Rafsanjani,Akbar_Hashemi_Rafsanjani_0001.jpg,False,False,True,,,91.54935886983506,0.004781924377061028
aspect_16_9,1.7777777777777777,Akhmed_Zakayev,Akhmed_Zakayev_0002.jpg,False,False,True,,,84.8202565818464,0.03640153251129349
crop_60,60,Aaron_Peirsol,Aaron_Peirsol_0003.jpg,False,False,True,,,86.49507991060032,0.005992035505112199
crop_60,60,Aaron_Sorkin,Aaron_Sorkin_0002.jpg,False,False,True,,,86.87950393327606,0.006391386699344737
crop_60,60,Abdel_Nasser_Assidi,Abdel_Nasser_Assidi_0002.jpg,False,False,True,,,88.66252570874937,0.005673519436553184
crop_60,60,Abdoulaye_Wade,Abdoulaye_Wade_0001.jpg,False,False,True,,,94.78252152406439,0.005218275331644241
crop_60,60,Abdullah,Abdullah_0003.jpg,False,False,True,,,88.49126445500693,0.002123019392469821
crop_60,60,Abdullah_Gul,Abdullah_Gul_0009.jpg,False,False,True,,,91.88400360158282,0.0073957770377516404
crop_60,60,Abdullah_al-Attiyah,Abdullah_al-Attiyah_0002.jpg,False,False,True,,,87.73359982350206,0.0018470118178163326
crop_60,60,Abdullatif_Sener,Abdullatif_Sener_0002.jpg,False,False,True,,,86.63499588030855,0.009053239301332764
crop_60,60,Abel_Pacheco,Abel_Pacheco_0002.jpg,False,False,True,,,88.3856844334262,0.0026878404794685455
crop_60,60,Abid_Hamid_Mahmud_Al-Tikriti,Abid_Hamid_Mahmud_Al-Tikriti_0003.jpg,False,False,True,,,86.64245985495006,0.015846456631015395
crop_60,60,Adam_Sandler,Adam_Sandler_0003.jpg,False,False,True,,,88.70077595529327,0.002268668108349274
crop_60,60,Adam_Scott,Adam_Scott_0002.jpg,False,False,False,,,91.69222010010634,0.0006092693013341712
crop_60,60,Adel_Al-Jubeir,Adel_Al-Jubeir_0003.jpg,False,False,True,,,78.80955892853046,0.060753717617825206
crop_60,60,Adolfo_Aguilar_Zinser,Adolfo_Aguilar_Zinser_0003.jpg,False,False,True,,,86.90428116612135,0.0009264751057506734
crop_60,60,Adolfo_Rodriguez_Saa,Adolfo_Rodriguez_Saa_0001.jpg,False,False,True,,,88.46129876423821,0.007671273062363168
crop_60,60,Adrian_McPherson,Adrian_McPherson_0001.jpg,False,False,True,,,86.74213206064496,0.0005547111679011751
crop_60,60,Adrian_Nastase,Adrian_Nastase_0002.jpg,False,False,True,,,86.5886541026186,0.0148225997483122
crop_60,60,Adrien_Brody,Adrien_Brody_0009.jpg,False,False,True,,,96.68804237137023,0.0030405863936989685
crop_60,60,Ahmad_Masood,Ahmad_Masood_0001.jpg,False,False,True,,,88.04394196011185,0.000667503975079746
crop_60,60,Ahmed_Chalabi,Ahmed_Chalabi_0002.jpg,False,False,True,,,85.84428943102188,0.003607830079918613
crop_60,60,Ahmet_Necdet_Sezer,Ahmet_Necdet_Sezer_0002.jpg,False,False,True,,,84.34370184692521,0.034695595648511476
crop_60,60,Ai_Sugiyama,Ai_Sugiyama_0005.jpg,False,False,True,,,89.96401646886832,0.003985082690236346
crop_60,60,Aicha_El_Ouafi,Aicha_El_Ouafi_0002.jpg,False,False,True,,,87.43155729164823,0.0033679307526458466
crop_60,60,Aitor_Gonzalez,Aitor_Gonzalez_0001.jpg,False,False,True,,,92.26672358034719,0.005203083207226506
crop_60,60,Akbar_Hashemi_Rafsanjani,Akbar_Hashemi_Rafsanjani_0001.jpg,False,False,True,,,93.00881498551041,0.0003079534649429038
crop_60,60,Akhmed_Zakayev,Akhmed_Zakayev_0002.jpg,False,False,True,,,87.72294871081681,0.007814552186486842
crop_70,70,Aaron_Peirsol,Aaron_Peirsol_0003.jpg,False,False,True,,,87.1197333451909,0.004248537355885741
crop_70,70,Aaron_Sorkin,Aaron_Sorkin_0002.jpg,False,False,True,,,87.35946631435235,0.003844103818322019
crop_70,70,Abdel_Nasser_Assidi,Abdel_Nasser_Assidi_0002.jpg,False,False,True,,,89.51653748874207,0.007073630882317682
crop_70,70,Abdoulaye_Wade,Abdoulaye_Wade_0001.jpg,False,False,True,,,95.10970409127697,0.005183954889823679
crop_70,70,Abdullah,Abdullah_0003.jpg,False,False,True,,,87.05926379511193,0.007488650758003388
crop_70,70,Abdullah_Gul,Abdullah_Gul_0009.jpg,False,False,True,,,92.48062755087662,0.003005428383288955
crop_70,70,Abdullah_al-Attiyah,Abdullah_al-Attiyah_0002.jpg,False,False,True,,,86.57117065431899,0.007385031779328378
crop_70,70,Abdullatif_Sener,Abdullatif_Sener_0002.jpg,False,False,True,,,85.36753906830685,0.0056307158970422076
crop_70,70,Abel_Pacheco,Abel_Pacheco_0002.jpg,False,False,True,,,85.12140982655555,0.016970730256158646
crop_70,70,Abid_Hamid_Mahmud_Al-Tikriti,Abid_Hamid_Mahmud_Al-Tikriti_0003.jpg,False,False,True,,,85.87878269347596,0.006754625395118018
crop_70,70,Adam_Sandler,Adam_Sandler_0003.jpg,False,False,True,,,88.60509262035382,0.005545442819517677
crop_70,70,Adam_Scott,Adam_Scott_0002.jpg,False,False,False,,,88.84895437942498,0.010464021211329486
crop_70,70,Adel_Al-Jubeir,Adel_Al-Jubeir_0003.jpg,False,False,True,,,83.88236097613614,0.04200360948122049
crop_70,70,Adolfo_Aguilar_Zinser,Adolfo_Aguilar_Zinser_0003.jpg,False,False,True,,,86.81542764735235,0.017510789851010625
crop_70,70,Adolfo_Rodriguez_Saa,Adolfo_Rodriguez_Saa_0001.jpg,False,False,True,,,89.98318678325111,0.004466604047366426
crop_70,70,Adrian_McPherson,Adrian_McPherson_0001.jpg,False,False,True,,,87.62712088488145,0.008049586786371313
crop_70,70,Adrian_Nastase,Adrian_Nastase_0002.jpg,False,False,True,,,82.55762324986907,0.033374571547092724
crop_70,70,Adrien_Brody,Adrien_Brody_0009.jpg,False,False,True,,,97.87525289615697,0.0008008142375211261
crop_70,70,Ahmad_Masood,Ahmad_Masood_0001.jpg,False,False,True,,,86.96563123071434,0.0022349267167460266
crop_70,70,Ahmed_Chalabi,Ahmed_Chalabi_0002.jpg,False,False,True,,,80.05109865484567,0.03840071613169469
crop_70,70,Ahmet_Necdet_Sezer,Ahmet_Necdet_Sezer_0002.jpg,False,False,True,,,84.9474027699948,0.012042170094722717
crop_70,70,Ai_Sugiyama,Ai_Sugiyama_0005.jpg,False,False,True,,,88.95150101927499,0.004755304642734452
crop_70,70,Aicha_El_Ouafi,Aicha_El_Ouafi_0002.jpg,False,False,True,,,87.31594755564936,0.015486480435737481
crop_70,70,Aitor_Gonzalez,Aitor_Gonzalez_0001.jpg,False,False,True,,,94.20440015692255,0.01293577963893414
crop_70,70,Akbar_Hashemi_Rafsanjani,Akbar_Hashemi_Rafsanjani_0001.jpg,False,False,True,,,93.74645407727198,0.012493292799972655
crop_70,70,Akhmed_Zakayev,Akhmed_Zakayev_0002.jpg,False,False,True,,,87.72342474713028,0.005937993441799135
crop_90,90,Aaron_Peirsol,Aaron_Peirsol_0003.jpg,False,False,True,,,86.58497767052815,0.003433064426969482
crop_90,90,Aaron_Sorkin,Aaron_Sorkin_0002.jpg,False,False,True,,,85.47568512818225,0.017777674616093517
crop_90,90,Abdel_Nasser_Assidi,Abdel_Nasser_Assidi_0002.jpg,False,False,True,,,89.60007599321101,0.012586989387967868
crop_90,90,Abdoulaye_Wade,Abdoulaye_Wade_0001.jpg,False,False,True,,,95.9650927059091,0.0017457209703825298
crop_90,90,Abdullah,Abdullah_0003.jpg,False,False,True,,,88.4931877826434,0.003117310084175422
crop_90,90,Abdullah_Gul,Abdullah_Gul_0009.jpg,False,False,True,,,90.77818586064865,0.0013566280948672704
crop_90,90,Abdullah_al-Attiyah,Abdullah_al-Attiyah_0002.jpg,False,False,True,,,81.60309744500745,0.013884604284414197
crop_90,90,Abdullatif_Sener,Abdullatif_Sener_0002.jpg,False,False,True,,,86.59474260040315,0.007064225767662084
crop_90,90,Abel_Pacheco,Abel_Pacheco_0002.jpg,False,False,True,,,82.24144600925932,0.06828467908271849
crop_90,90,Abid_Hamid_Mahmud_Al-Tikriti,Abid_Hamid_Mahmud_Al-Tikriti_0003.jpg,False,False,True,,,86.80668493477978,0.0018401379356181228
crop_90,90,Adam_Sandler,Adam_Sandler_0003.jpg,False,False,True,,,90.1825525934711,0.005855738873731522
crop_90,90,Adam_Scott,Adam_Scott_0002.jpg,False,False,False,,,88.39987923569507,0.002041978502062662
crop_90,90,Adel_Al-Jubeir,Adel_Al-Jubeir_0003.jpg,False,False,True,,,80.00237675113871,0.0426799481107955
crop_90,90,Adolfo_Aguilar_Zinser,Adolfo_Aguilar_Zinser_0003.jpg,False,False,True,,,86.5337344011588,0.007410959662765356
crop_90,90,Adolfo_Rodriguez_Saa,Adolfo_Rodriguez_Saa_0001.jpg,False,False,True,,,86.69655820938232,0.00034601833089497653
crop_90,90,Adrian_McPherson,Adrian_McPherson_0001.jpg,False,False,True,,,88.80384174006203,0.002335990693046905
crop_90,90,Adrian_Nastase,Adrian_Nastase_0002.jpg,False,False,True,,,84.4783590204845,0.007048858908713496
crop_90,90,Adrien_Brody,Adrien_Brody_0009.jpg,False,False,True,,,96.97231148790135,0.0060687269235814075
crop_90,90,Ahmad_Masood,Ahmad_Masood_0001.jpg,False,False,True,,,88.1858423613339,0.002310523137807907
crop_90,90,Ahmed_Chalabi,Ahmed_Chalabi_0002.jpg,False,False,True,,,77.05514448384521,0.06673196464539176
crop_90,90,Ahmet_Necdet_Sezer,Ahmet_Necdet_Sezer_0002.jpg,False,False,True,,,86.73803437110541,0.0007386890723150599
crop_90,90,Ai_Sugiyama,Ai_Sugiyama_0005.jpg,False,False,True,,,85.31970815078421,0.012191744678149536
crop_90,90,Aicha_El_Ouafi,Aicha_El_Ouafi_0002.jpg,False,False,True,,,86.53670308085613,0.032468324979093445
crop_90,90,Aitor_Gonzalez,Aitor_Gonzalez_0001.jpg,False,False,True,,,94.85659215920349,0.0033920840643466357
crop_90,90,Akbar_Hashemi_Rafsanjani,Akbar_Hashemi_Rafsanjani_0001.jpg,False,False,True,,,92.14770639490212,0.0048049831575790285
crop_90,90,Akhmed_Zakayev,Akhmed_Zakayev_0002.jpg,False,False,True,,,86.75261838320165,0.0017771929888328033
skew_10,10,Aaron_Peirsol,Aaron_Peirsol_0003.jpg,False,False,True,,,85.70087985598569,0.0050277076687387755
skew_10,10,Aaron_Sorkin,Aaron_Sorkin_0002.jpg,False,False,True,,,82.82495419094786,0.004087112856244963
skew_10,10,Abdel_Nasser_Assidi,Abdel_Nasser_Assidi_0002.jpg,False,False,True,,,89.11288884993427,0.006097294366041481
skew_10,10,Abdoulaye_Wade,Abdoulaye_Wade_0001.jpg,False,False,True,,,95.93574418768377,0.018572309473293414
skew_10,10,Abdullah,Abdullah_0003.jpg,False,False,True,,,87.50379102845679,0.0032513071946201305
skew_10,10,Abdullah_Gul,Abdullah_Gul_0009.jpg,False,False,True,,,87.12633142210623,0.010653133035546408
skew_10,10,Abdullah_al-Attiyah,Abdullah_al-Attiyah_0002.jpg,False,False,True,,,82.00823207312979,0.025258408430237776
skew_10,10,Abdullatif_Sener,Abdullatif_Sener_0002.jpg,False,False,True,,,86.85946668175217,0.02773192842121804
skew_10,10,Abel_Pacheco,Abel_Pacheco_0002.jpg,False,False,True,,,86.12431531279276,0.051597535312081166
skew_10,10,Abid_Hamid_Mahmud_Al-Tikriti,Abid_Hamid_Mahmud_Al-Tikriti_0003.jpg,False,False,True,,,86.87878995416641,0.0007814885478613044
skew_10,10,Adam_Sandler,Adam_Sandler_0003.jpg,False,False,True,,,91.05669483232701,0.0012136002116415305
skew_10,10,Adam_Scott,Adam_Scott_0002.jpg,False,False,False,,,86.92820178917644,0.013858218592692406
skew_10,10,Adel_Al-Jubeir,Adel_Al-Jubeir_0003.jpg,False,False,True,,,76.44142752422368,0.05118722258714646
skew_10,10,Adolfo_Aguilar_Zinser,Adolfo_Aguilar_Zinser_0003.jpg,False,False,True,,,85.89579224566623,0.016316012840952087
skew_10,10,Adolfo_Rodriguez_Saa,Adolfo_Rodriguez_Saa_0001.jpg,False,False,True,,,87.04568454488543,0.00523585190383805
skew_10,10,Adrian_McPherson,Adrian_McPherson_0001.jpg,False,False,True,,,85.564483952632,0.000711379404418302
skew_10,10,Adrian_Nastase,Adrian_Nastase_0002.jpg,False,False,True,,,85.80465034965991,0.004033512774498359
skew_10,10,Adrien_Brody,Adrien_Brody_0009.jpg,False,False,True,,,99.97859071592434,0.0010171059675561423
skew_10,10,Ahmad_Masood,Ahmad_Masood_0001.jpg,False,False,True,,,83.56677068125128,0.00518693559408562
skew_10,10,Ahmed_Chalabi,Ahmed_Chalabi_0002.jpg,False,False,True,,,76.67894851636743,0.0007283102397217675
skew_10,10,Ahmet_Necdet_Sezer,Ahmet_Necdet_Sezer_0002.jpg,False,False,True,,,87.45275672189211,0.004488368090091454
skew_10,10,Ai_Sugiyama,Ai_Sugiyama_0005.jpg,False,False,True,,,82.70912909342468,0.004661090102696136
skew_10,10,Aicha_El_Ouafi,Aicha_El_Ouafi_0002.jpg,False,False,True,,,88.7728068724616,0.021456093886457143
skew_10,10,Aitor_Gonzalez,Aitor_Gonzalez_0001.jpg,False,False,True,,,95.31048968604685,0.0029330860185330667
skew_10,10,Akbar_Hashemi_Rafsanjani,Akbar_Hashemi_Rafsanjani_0001.jpg,False,False,True,,,92.37879185303917,0.0031311471882421145
skew_10,10,Akhmed_Zakayev,Akhmed_Zakayev_0002.jpg,False,False,True,,,86.563148408539,0.0003505274949788035
skew_6,6,Aaron_Peirsol,Aaron_Peirsol_0003.jpg,False,False,True,,,83.83764342457349,0.013859233583781756
skew_6,6,Aaron_Sorkin,Aaron_Sorkin_0002.jpg,False,False,True,,,80.99057683360053,0.009678468523115347
skew_6,6,Abdel_Nasser_Assidi,Abdel_Nasser_Assidi_0002.jpg,False,False,True,,,88.97837103458434,0.006564457673744442
skew_6,6,Abdoulaye_Wade,Abdoulaye_Wade_0001.jpg,False,False,True,,,96.41070936946753,0.0026134472157713167
skew_6,6,Abdullah,Abdullah_0003.jpg,False,False,True,,,87.98161766280376,0.0009507566785858388
skew_6,6,Abdullah_Gul,Abdullah_Gul_0009.jpg,False,False,True,,,86.6340800937124,0.02469446495345597
skew_6,6,Abdullah_al-Attiyah,Abdullah_al-Attiyah_0002.jpg,False,False,True,,,81.15453267971517,0.024869553982523933
skew_6,6,Abdullatif_Sener,Abdullatif_Sener_0002.jpg,False,False,True,,,83.28150007060754,0.035365393434786375
skew_6,6,Abel_Pacheco,Abel_Pacheco_0002.jpg,False,False,True,,,83.27362698730828,0.07038890803099083
skew_6,6,Abid_Hamid_Mahmud_Al-Tikriti,Abid_Hamid_Mahmud_Al-Tikriti_0003.jpg,False,False,True,,,85.82111285645163,0.003745629508521753
skew_6,6,Adam_Sandler,Adam_Sandler_0003.jpg,False,False,True,,,91.77828641349038,0.0021728512218972492
skew_6,6,Adam_Scott,Adam_Scott_0002.jpg,False,False,False,,,86.3190537458802,0.019110446009434557
skew_6,6,Adel_Al-Jubeir,Adel_Al-Jubeir_0003.jpg,False,False,True,,,71.754344127731,0.07461377785437509
skew_6,6,Adolfo_Aguilar_Zinser,Adolfo_Aguilar_Zinser_0003.jpg,False,False,True,,,85.62441538905281,0.0019636813215571183
skew_6,6,Adolfo_Rodriguez_Saa,Adolfo_Rodriguez_Saa_0001.jpg,False,False,True,,,87.3038998516569,0.006175734485743193
skew_6,6,Adrian_McPherson,Adrian_McPherson_0001.jpg,False,False,True,,,85.55996512036364,0.0013027697085449918
skew_6,6,Adrian_Nastase,Adrian_Nastase_0002.jpg,False,False,True,,,85.47991994073891,0.003686621943361016
skew_6,6,Adrien_Brody,Adrien_Brody_0009.jpg,False,False,True,,,99.9674305253202,0.0023813644004511258
skew_6,6,Ahmad_Masood,Ahmad_Masood_0001.jpg,False,False,True,,,82.56596567541541,0.014201898832647922
skew_6,6,Ahmed_Chalabi,Ahmed_Chalabi_0002.jpg,False,False,True,,,75.52410147770448,0.006782361181927005
skew_6,6,Ahmet_Necdet_Sezer,Ahmet_Necdet_Sezer_0002.jpg,False,False,True,,,86.83451798244305,0.002163391014456726
skew_6,6,Ai_Sugiyama,Ai_Sugiyama_0005.jpg,False,False,True,,,82.29805863238823,0.010193097301600448
skew_6,6,Aicha_El_Ouafi,Aicha_El_Ouafi_0002.jpg,False,False,True,,,88.6671978777627,0.018671964152125936
skew_6,6,Aitor_Gonzalez,Aitor_Gonzalez_0001.jpg,False,False,True,,,94.68233861205412,0.00621797329845447
skew_6,6,Akbar_Hashemi_Rafsanjani,Akbar_Hashemi_Rafsanjani_0001.jpg,False,False,True,,,92.980950038276,0.0005216181721165471
skew_6,6,Akhmed_Zakayev,Akhmed_Zakayev_0002.jpg,False,False,True,,,86.57362198957532,0.007006411717752681
skew_4,4,Aaron_Peirsol,Aaron_Peirsol_0003.jpg,False,False,True,,,84.55124911109533,0.005447247566986321
skew_4,4,Aaron_Sorkin,Aaron_Sorkin_0002.jpg,False,False,True,,,82.35056367965814,0.006729623323285569
skew_4,4,Abdel_Nasser_Assidi,Abdel_Nasser_Assidi_0002.jpg,False,False,True,,,90.34274794050654,0.004368464494066725
skew_4,4,Abdoulaye_Wade,Abdoulaye_Wade_0001.jpg,False,False,True,,,95.5251162291209,0.002580139785295726
skew_4,4,Abdullah,Abdullah_0003.jpg,False,False,True,,,88.45351593840368,0.003233422203931062
skew_4,4,Abdullah_Gul,Abdullah_Gul_0009.jpg,False,False,True,,,86.56460466535921,0.013141136114283076
skew_4,4,Abdullah_al-Attiyah,Abdullah_al-Attiyah_0002.jpg,False,False,True,,,80.1425079814571,0.036260311803403215
skew_4,4,Abdullatif_Sener,Abdullatif_Sener_0002.jpg,False,False,True,,,83.40345013917593,0.023412833602502764
skew_4,4,Abel_Pacheco,Abel_Pacheco_0002.jpg,False,False,True,,,83.24948104034064,0.06855761208195832
skew_4,4,Abid_Hamid_Mahmud_Al-Tikriti,Abid_Hamid_Mahmud_Al-Tikriti_0003.jpg,False,False,True,,,84.81759465880529,0.0018358627924922356
skew_4,4,Adam_Sandler,Adam_Sandler_0003.jpg,False,False,True,,,91.7713806173746,0.0012623936951780916
skew_4,4,Adam_Scott,Adam_Scott_0002.jpg,False,False,False,,,87.66850360045882,0.010815291385407792
skew_4,4,Adel_Al-Jubeir,Adel_Al-Jubeir_0003.jpg,False,False,True,,,71.27028821501486,0.0650178671325684
skew_4,4,Adolfo_Aguilar_Zinser,Adolfo_Aguilar_Zinser_0003.jpg,False,False,True,,,85.5914363233629,0.010925067385917512
skew_4,4,Adolfo_Rodriguez_Saa,Adolfo_Rodriguez_Saa_0001.jpg,False,False,True,,,87.10264896341445,0.0046059368364452504
skew_4,4,Adrian_McPherson,Adrian_McPherson_0001.jpg,False,False,True,,,85.63578416149886,0.0031710021090258556
skew_4,4,Adrian_Nastase,Adrian_Nastase_0002.jpg,False,False,True,,,85.03603457144547,0.005275369142359215
skew_4,4,Adrien_Brody,Adrien_Brody_0009.jpg,False,False,True,,,98.48443231530212,0.009488683440475713
skew_4,4,Ahmad_Masood,Ahmad_Masood_0001.jpg,False,False,True,,,82.73191235343477,0.0007730649799133981
skew_4,4,Ahmed_Chalabi,Ahmed_Chalabi_0002.jpg,False,False,True,,,75.04649730923802,0.003203611590671809
skew_4,4,Ahmet_Necdet_Sezer,Ahmet_Necdet_Sezer_0002.jpg,False,False,True,,,86.94054606841445,0.0020478308124583407
skew_4,4,Ai_Sugiyama,Ai_Sugiyama_0005.jpg,False,False,True,,,83.6095589748411,0.01660173493699341
skew_4,4,Aicha_El_Ouafi,Aicha_El_Ouafi_0002.jpg,False,False,True,,,88.68714582759627,0.014953869635447
skew_4,4,Aitor_Gonzalez,Aitor_Gonzalez_0001.jpg,False,False,True,,,95.16309307899598,0.0013867139605949139
skew_4,4,Akbar_Hashemi_Rafsanjani,Akbar_Hashemi_Rafsanjani_0001.jpg,False,False,True,,,92.22018311700205,0.012292517539180243
skew_4,4,Akhmed_Zakayev,Akhmed_Zakayev_0002.jpg,False,False,True,,,86.03591047718112,0.0010129211691664026
persp_10,10,Aaron_Peirsol,Aaron_Peirsol_0003.jpg,False,False,True,,,87.90459411481748,0.012830938179737652
persp_10,10,Aaron_Sorkin,Aaron_Sorkin_0002.jpg,False,False,True,,,85.47240884480584,0.004957117661444022
persp_10,10,Abdel_Nasser_Assidi,Abdel_Nasser_Assidi_0002.jpg,False,False,True,,,89.31520169722086,0.0040955067608678345
persp_10,10,Abdoulaye_Wade,Abdoulaye_Wade_0001.jpg,False,False,True,,,94.9108550275304,0.0023017044796837037
persp_10,10,Abdullah,Abdullah_0003.jpg,False,False,True,,,88.40779640984096,0.0032101742923688176
persp_10,10,Abdullah_Gul,Abdullah_Gul_0009.jpg,False,False,True,,,90.44417159841345,0.012637252673922203
persp_10,10,Abdullah_al-Attiyah,Abdullah_al-Attiyah_0002.jpg,False,False,True,,,84.86448437122672,0.004016491983149422
persp_10,10,Abdullatif_Sener,Abdullatif_Sener_0002.jpg,False,False,True,,,85.07511732219646,0.012133508365082816
persp_10,10,Abel_Pacheco,Abel_Pacheco_0002.jpg,False,False,True,,,85.4608138398223,0.038168962777450605
persp_10,10,Abid_Hamid_Mahmud_Al-Tikriti,Abid_Hamid_Mahmud_Al-Tikriti_0003.jpg,False,False,True,,,86.43345791177256,0.009545102407438022
persp_10,10,Adam_Sandler,Adam_Sandler_0003.jpg,False,False,True,,,90.53612370986599,0.002206834249409461
persp_10,10,Adam_Scott,Adam_Scott_0002.jpg,False,False,False,,,87.68840666296006,0.001041696179345254
persp_10,10,Adel_Al-Jubeir,Adel_Al-Jubeir_0003.jpg,False,False,True,,,78.80107058916542,0.024574471219433774
persp_10,10,Adolfo_Aguilar_Zinser,Adolfo_Aguilar_Zinser_0003.jpg,False,False,True,,,86.81272572772207,0.0023282307345236643
persp_10,10,Adolfo_Rodriguez_Saa,Adolfo_Rodriguez_Saa_0001.jpg,False,False,True,,,85.72288584858433,0.02232016827360258
persp_10,10,Adrian_McPherson,Adrian_McPherson_0001.jpg,False,False,False,,,89.09074165206209,0.005824734213039259
persp_10,10,Adrian_Nastase,Adrian_Nastase_0002.jpg,False,False,True,,,85.55690715465656,0.00937780791331564
persp_10,10,Adrien_Brody,Adrien_Brody_0009.jpg,False,False,True,,,100.40031780643181,0.006954336621676079
persp_10,10,Ahmad_Masood,Ahmad_Masood_0001.jpg,False,False,True,,,82.4740069876772,0.012499787387175469
persp_10,10,Ahmed_Chalabi,Ahmed_Chalabi_0002.jpg,False,False,True,,,82.38002641524793,0.027408894850100594
persp_10,10,Ahmet_Necdet_Sezer,Ahmet_Necdet_Sezer_0002.jpg,False,False,True,,,87.52962579498481,0.006355647618979407
persp_10,10,Ai_Sugiyama,Ai_Sugiyama_0005.jpg,False,False,True,,,84.64690201966341,0.025357541307172497
persp_10,10,Aicha_El_Ouafi,Aicha_El_Ouafi_0002.jpg,False,False,True,,,89.28400210043655,0.021301660370660454
persp_10,10,Aitor_Gonzalez,Aitor_Gonzalez_0001.jpg,False,False,True,,,98.27317741104426,0.0029602615001817047
persp_10,10,Akbar_Hashemi_Rafsanjani,Akbar_Hashemi_Rafsanjani_0001.jpg,False,False,True,,,90.45654765101096,0.004322342595759654
persp_10,10,Akhmed_Zakayev,Akhmed_Zakayev_0002.jpg,False,False,True,,,90.97471205761315,0.008715183203020081
persp_6,6,Aaron_Peirsol,Aaron_Peirsol_0003.jpg,False,False,True,,,86.43255803063686,0.0019523366230845246
persp_6,6,Aaron_Sorkin,Aaron_Sorkin_0002.jpg,False,False,True,,,83.1794850809944,0.006959900476843795
persp_6,6,Abdel_Nasser_Assidi,Abdel_Nasser_Assidi_0002.jpg,False,False,True,,,88.82706231054352,0.006993054453744992
persp_6,6,Abdoulaye_Wade,Abdoulaye_Wade_0001.jpg,False,False,True,,,95.09997889329219,0.0037497762261479175
persp_6,6,Abdullah,Abdullah_0003.jpg,False,False,True,,,87.64686884639403,0.020470650783985182
persp_6,6,Abdullah_Gul,Abdullah_Gul_0009.jpg,False,False,True,,,87.59268500172126,0.03589903670928862
persp_6,6,Abdullah_al-Attiyah,Abdullah_al-Attiyah_0002.jpg,False,False,True,,,84.27440775359756,0.006396924245750603
persp_6,6,Abdullatif_Sener,Abdullatif_Sener_0002.jpg,False,False,True,,,83.043356070438,0.028512046697050306
persp_6,6,Abel_Pacheco,Abel_Pacheco_0002.jpg,False,False,True,,,84.29169684171842,0.06100116529906066
persp_6,6,Abid_Hamid_Mahmud_Al-Tikriti,Abid_Hamid_Mahmud_Al-Tikriti_0003.jpg,False,False,True,,,87.51946774176079,0.004782826967137741
persp_6,6,Adam_Sandler,Adam_Sandler_0003.jpg,False,False,True,,,90.4401026414285,0.009790403591351218
persp_6,6,Adam_Scott,Adam_Scott_0002.jpg,False,False,False,,,85.14918989841227,0.017184865992356822
persp_6,6,Adel_Al-Jubeir,Adel_Al-Jubeir_0003.jpg,False,False,True,,,76.11874542147962,0.028435345704449836
persp_6,6,Adolfo_Aguilar_Zinser,Adolfo_Aguilar_Zinser_0003.jpg,False,False,True,,,84.16807166979784,0.01593045557943348
persp_6,6,Adolfo_Rodriguez_Saa,Adolfo_Rodriguez_Saa_0001.jpg,False,False,True,,,86.82870901705547,0.009904469818611886
persp_6,6,Adrian_McPherson,Adrian_McPherson_0001.jpg,False,False,True,,,87.49464766330965,0.007382756882307632
persp_6,6,Adrian_Nastase,Adrian_Nastase_0002.jpg,False,False,True,,,84.44364609486954,0.006160499303433836
persp_6,6,Adrien_Brody,Adrien_Brody_0009.jpg,False,False,True,,,99.25854169606973,0.005591077624239963
persp_6,6,Ahmad_Masood,Ahmad_Masood_0001.jpg,False,False,True,,,82.98403811223177,0.00845619997293277
persp_6,6,Ahmed_Chalabi,Ahmed_Chalabi_0002.jpg,False,False,True,,,78.00037464070036,0.009466325755606263
persp_6,6,Ahmet_Necdet_Sezer,Ahmet_Necdet_Sezer_0002.jpg,False,False,True,,,87.19837358680094,0.0039019779652491845
persp_6,6,Ai_Sugiyama,Ai_Sugiyama_0005.jpg,False,False,True,,,84.2727157804217,0.006609939127596812
persp_6,6,Aicha_El_Ouafi,Aicha_El_Ouafi_0002.jpg,False,False,True,,,90.94393029577262,0.0033661638000325495
persp_6,6,Aitor_Gonzalez,Aitor_Gonzalez_0001.jpg,False,False,True,,,96.85826400096673,0.0016250222002993355
persp_6,6,Akbar_Hashemi_Rafsanjani,Akbar_Hashemi_Rafsanjani_0001.jpg,False,False,True,,,88.61410671214574,0.008950685810485087
persp_6,6,Akhmed_Zakayev,Akhmed_Zakayev_0002.jpg,False,False,True,,,89.62148657407164,0.0005323976657225746
persp_4,4,Aaron_Peirsol,Aaron_Peirsol_0003.jpg,False,False,True,,,84.38695307904098,0.020543434866513523
persp_4,4,Aaron_Sorkin,Aaron_Sorkin_0002.jpg,False,False,True,,,83.18029441585898,0.009185524140830325
persp_4,4,Abdel_Nasser_Assidi,Abdel_Nasser_Assidi_0002.jpg,False,False,True,,,88.87379815184549,0.009893874999211068
persp_4,4,Abdoulaye_Wade,Abdoulaye_Wade_0001.jpg,False,False,True,,,95.91614540476934,0.005242166329224136
persp_4,4,Abdullah,Abdullah_0003.jpg,False,False,True,,,88.19088057723451,0.0027023219397559984
persp_4,4,Abdullah_Gul,Abdullah_Gul_0009.jpg,False,False,True,,,85.40359786858201,0.003212389273246359
persp_4,4,Abdullah_al-Attiyah,Abdullah_al-Attiyah_0002.jpg,False,False,True,,,84.07428271123699,0.00371588588235276
persp_4,4,Abdullatif_Sener,Abdullatif_Sener_0002.jpg,False,False,True,,,83.06788843726238,0.013444675893628197
persp_4,4,Abel_Pacheco,Abel_Pacheco_0002.jpg,False,False,True,,,83.29394707380536,0.06806554096441504
persp_4,4,Abid_Hamid_Mahmud_Al-Tikriti,Abid_Hamid_Mahmud_Al-Tikriti_0003.jpg,False,False,True,,,85.7238887551826,0.011093727281888736
persp_4,4,Adam_Sandler,Adam_Sandler_0003.jpg,False,False,True,,,90.64520145675334,0.0003712647836074509
persp_4,4,Adam_Scott,Adam_Scott_0002.jpg,False,False,False,,,86.83634933020305,0.015506509123179794
persp_4,4,Adel_Al-Jubeir,Adel_Al-Jubeir_0003.jpg,False,False,True,,,74.21614630677176,0.016562244304259396
persp_4,4,Adolfo_Aguilar_Zinser,Adolfo_Aguilar_Zinser_0003.jpg,False,False,True,,,86.1201096200904,2.5081212781178835e-05
persp_4,4,Adolfo_Rodriguez_Saa,Adolfo_Rodriguez_Saa_0001.jpg,False,False,True,,,87.61344906229309,0.005818859819433749
persp_4,4,Adrian_McPherson,Adrian_McPherson_0001.jpg,False,False,True,,,86.20545372367692,0.007830349591684544
persp_4,4,Adrian_Nastase,Adrian_Nastase_0002.jpg,False,False,True,,,84.27109408790469,0.00958526734137202
persp_4,4,Adrien_Brody,Adrien_Brody_0009.jpg,False,False,True,,,97.81101670894796,0.021836999030995063
persp_4,4,Ahmad_Masood,Ahmad_Masood_0001.jpg,False,False,True,,,82.01919689260902,0.016521745993070706
persp_4,4,Ahmed_Chalabi,Ahmed_Chalabi_0002.jpg,False,False,True,,,75.48780650170787,0.027834034116759762
persp_4,4,Ahmet_Necdet_Sezer,Ahmet_Necdet_Sezer_0002.jpg,False,False,True,,,86.30258914916574,0.007120422128109764
persp_4,4,Ai_Sugiyama,Ai_Sugiyama_0005.jpg,False,False,True,,,83.8283652447971,0.010274415527242153
persp_4,4,Aicha_El_Ouafi,Aicha_El_Ouafi_0002.jpg,False,False,True,,,89.53268396043777,0.008173394635441424
persp_4,4,Aitor_Gonzalez,Aitor_Gonzalez_0001.jpg,False,False,True,,,95.94310432829249,0.002897535843533975
persp_4,4,Akbar_Hashemi_Rafsanjani,Akbar_Hashemi_Rafsanjani_0001.jpg,False,False,True,,,91.04088870830604,0.0018458632796547216
persp_4,4,Akhmed_Zakayev,Akhmed_Zakayev_0002.jpg,False,False,True,,,87.52155715672289,0.0014623290788557824
