{
  "eigenfaces": {
    "pair": [
      "Anthony_Charles_Saltat",
      "Daniel_Ramos"
    ],
    "mean_raw": 3508.57421875,
    "mean_equalized": 5267.50341796875,
    "mean_feature": 5267.503583292579
  },
  "fisherfaces": {
    "pair": [
      "Daniel_Ramos",
      "Joseph_Andrew_Ong"
    ],
    "mean_raw": 3696.414794921875,
    "mean_equalized": 5298.12841796875,
    "mean_feature": 0.0
  },
  "lbph": {
    "pair": [
      "Kenlie_John_Maghari",
      "Yuan_Paulo_Sebastian_Belen"
    ],
    "mean_raw": 4887.37548828125,
    "mean_equalized": 6932.6259765625,
    "mean_feature": 20.890629035065793
  }
}