{
  "1": 0.0,
  "3": 4883.3432658013635,
  "5": 2598.6897428475945,
  "7": 2317.39185978717,
  "10": 2079.6226608278266
}