{
  "eigenfaces": {
    "full_face": 5267.503583292579,
    "eyes": 3892.4674693566717,
    "nose": 4497.857489961172,
    "mouth": 3196.823110527115
  },
  "fisherfaces": {
    "full_face": 0.0,
    "eyes": 0.0,
    "nose": 0.0,
    "mouth": 0.0
  },
  "lbph": {
    "full_face": 20.890629035065793,
    "eyes": 18.683380592786083,
    "nose": 24.46024199968965,
    "mouth": 23.36459485920235
  }
}