run,full_face,eyes,nose,mouth
5,5267.503583292579,3892.4674693566717,4497.857489961172,3196.823110527115
