{
  "full_face": 5267.503583292579,
  "eyes": 3892.4674693566717,
  "nose": 4497.857489961172,
  "mouth": 3196.823110527115
}