run,dist_raw,dist_equalized,dist_feature
9,3508.57421875,5267.50341796875,5267.503583292579
