{
  "pair": [
    "Anthony_Charles_Saltat",
    "Daniel_Ramos"
  ],
  "mean_raw": 3508.57421875,
  "mean_equalized": 5267.50341796875,
  "mean_feature": 5267.503583292579
}