run,dist_raw,dist_equalized,dist_feature
8,4887.37548828125,6932.6259765625,20.890629035065793
