{
  "pair": [
    "Kenlie_John_Maghari",
    "Yuan_Paulo_Sebastian_Belen"
  ],
  "mean_raw": 4887.37548828125,
  "mean_equalized": 6932.6259765625,
  "mean_feature": 20.890629035065793
}